ALTA_EMB4K5,B0,B1,B2,B3,B4,B5,B6,B7,B8,B9,B10,B11,B12,B13,B14,B15,B16,B17,B18,B19,B20,B21,B22,B23,B24,B25,B26,B27,B28,B29,B30,B31,B32,B33,B34,B35,B36,B37,B38,B39,B40,B41,B42,B43,B44,B45,B46,B47,B48,B49,B50,B51,B52,B53,B54,B55,B56,B57,B58,B59,B60,B61,B62,B63,B64,B65,B66,B67,B68,B69,B70,B71,B72,B73,B74,B75,B76,B77,B78,B79,B80,B81,B82,B83,B84,B85,B86,B87,B88,B89,B90,B91,B92,B93,B94,B95,B96,B97,B98,B99,B100,B101,B102,B103,B104,B105,B106,B107
W0,XXXX,CFG_RMUX0<7>,CFG_RMUX0<6>,CFG_RMUX0<4>,CFG_RMUX0<2>,CFG_RMUX0<0>,CFG_RMUX0<20>,CFG_RMUX0<22>,CFG_RMUX0<24>,CFG_RMUX0<26>,CFG_RMUX0<27>,CFG_RMUX0<47>,CFG_RMUX0<46>,CFG_RMUX0<44>,CFG_RMUX0<42>,CFG_RMUX0<40>,CFG_IMUX0<0>,CFG_IMUX0<2>,CFG_IMUX0<4>,CFG_IMUX0<6>,CFG_IMUX0<8>,CFG_IMUX0<9>,CFG_IMUX0<21>,CFG_IMUX0<20>,CFG_IMUX0<18>,CFG_IMUX0<16>,CFG_IMUX0<14>,CFG_IMUX0<12>,XXXX,XXXX,CFG_SELOUT_A,XXXX,XXXX,XXXX,XXXX,XXXX,INIT_VAL<0>,INIT_VAL<18>,INIT_VAL<36>,INIT_VAL<54>,INIT_VAL<1>,INIT_VAL<19>,INIT_VAL<37>,INIT_VAL<55>,INIT_VAL<2>,INIT_VAL<20>,INIT_VAL<38>,INIT_VAL<56>,INIT_VAL<3>,INIT_VAL<21>,INIT_VAL<39>,INIT_VAL<57>,INIT_VAL<4>,INIT_VAL<22>,INIT_VAL<40>,INIT_VAL<58>,INIT_VAL<5>,INIT_VAL<23>,INIT_VAL<41>,INIT_VAL<59>,INIT_VAL<6>,INIT_VAL<24>,INIT_VAL<42>,INIT_VAL<60>,INIT_VAL<7>,INIT_VAL<25>,INIT_VAL<43>,INIT_VAL<61>,INIT_VAL<8>,INIT_VAL<26>,INIT_VAL<44>,INIT_VAL<62>,INIT_VAL<9>,INIT_VAL<27>,INIT_VAL<45>,INIT_VAL<63>,INIT_VAL<10>,INIT_VAL<28>,INIT_VAL<46>,INIT_VAL<64>,INIT_VAL<11>,INIT_VAL<29>,INIT_VAL<47>,INIT_VAL<65>,INIT_VAL<12>,INIT_VAL<30>,INIT_VAL<48>,INIT_VAL<66>,INIT_VAL<13>,INIT_VAL<31>,INIT_VAL<49>,INIT_VAL<67>,INIT_VAL<14>,INIT_VAL<32>,INIT_VAL<50>,INIT_VAL<68>,INIT_VAL<15>,INIT_VAL<33>,INIT_VAL<51>,INIT_VAL<69>,INIT_VAL<16>,INIT_VAL<34>,INIT_VAL<52>,INIT_VAL<70>,INIT_VAL<17>,INIT_VAL<35>,INIT_VAL<53>,INIT_VAL<71>
W1,XXXX,CFG_RMUX0<8>,CFG_RMUX0<9>,CFG_RMUX0<5>,CFG_RMUX0<3>,CFG_RMUX0<1>,CFG_RMUX0<21>,CFG_RMUX0<23>,CFG_RMUX0<25>,CFG_RMUX0<29>,CFG_RMUX0<28>,CFG_RMUX0<48>,CFG_RMUX0<49>,CFG_RMUX0<45>,CFG_RMUX0<43>,CFG_RMUX0<41>,CFG_IMUX0<1>,CFG_IMUX0<3>,CFG_IMUX0<5>,CFG_IMUX0<7>,CFG_IMUX0<11>,CFG_IMUX0<10>,CFG_IMUX0<22>,CFG_IMUX0<23>,CFG_IMUX0<19>,CFG_IMUX0<17>,CFG_IMUX0<15>,CFG_IMUX0<13>,XXXX,XXXX,XXXX,XXXX,XXXX,XXXX,XXXX,XXXX,INIT_VAL<72>,INIT_VAL<90>,INIT_VAL<108>,INIT_VAL<126>,INIT_VAL<73>,INIT_VAL<91>,INIT_VAL<109>,INIT_VAL<127>,INIT_VAL<74>,INIT_VAL<92>,INIT_VAL<110>,INIT_VAL<128>,INIT_VAL<75>,INIT_VAL<93>,INIT_VAL<111>,INIT_VAL<129>,INIT_VAL<76>,INIT_VAL<94>,INIT_VAL<112>,INIT_VAL<130>,INIT_VAL<77>,INIT_VAL<95>,INIT_VAL<113>,INIT_VAL<131>,INIT_VAL<78>,INIT_VAL<96>,INIT_VAL<114>,INIT_VAL<132>,INIT_VAL<79>,INIT_VAL<97>,INIT_VAL<115>,INIT_VAL<133>,INIT_VAL<80>,INIT_VAL<98>,INIT_VAL<116>,INIT_VAL<134>,INIT_VAL<81>,INIT_VAL<99>,INIT_VAL<117>,INIT_VAL<135>,INIT_VAL<82>,INIT_VAL<100>,INIT_VAL<118>,INIT_VAL<136>,INIT_VAL<83>,INIT_VAL<101>,INIT_VAL<119>,INIT_VAL<137>,INIT_VAL<84>,INIT_VAL<102>,INIT_VAL<120>,INIT_VAL<138>,INIT_VAL<85>,INIT_VAL<103>,INIT_VAL<121>,INIT_VAL<139>,INIT_VAL<86>,INIT_VAL<104>,INIT_VAL<122>,INIT_VAL<140>,INIT_VAL<87>,INIT_VAL<105>,INIT_VAL<123>,INIT_VAL<141>,INIT_VAL<88>,INIT_VAL<106>,INIT_VAL<124>,INIT_VAL<142>,INIT_VAL<89>,INIT_VAL<107>,INIT_VAL<125>,INIT_VAL<143>
W2,XXXX,CFG_RMUX1<7>,CFG_RMUX1<6>,CFG_RMUX1<4>,CFG_RMUX1<2>,CFG_RMUX1<0>,CFG_RMUX1<20>,CFG_RMUX1<22>,CFG_RMUX1<24>,CFG_RMUX1<26>,CFG_RMUX1<27>,CFG_RMUX1<47>,CFG_RMUX1<46>,CFG_RMUX1<44>,CFG_RMUX1<42>,CFG_RMUX1<40>,CFG_IMUX0<24>,CFG_IMUX0<26>,CFG_IMUX0<28>,CFG_IMUX0<30>,CFG_IMUX0<32>,CFG_IMUX0<33>,CFG_IMUX0<45>,CFG_IMUX0<44>,CFG_IMUX0<42>,CFG_IMUX0<40>,CFG_IMUX0<38>,CFG_IMUX0<36>,XXXX,XXXX,XXXX,XXXX,XXXX,XXXX,XXXX,XXXX,INIT_VAL<144>,INIT_VAL<162>,INIT_VAL<180>,INIT_VAL<198>,INIT_VAL<145>,INIT_VAL<163>,INIT_VAL<181>,INIT_VAL<199>,INIT_VAL<146>,INIT_VAL<164>,INIT_VAL<182>,INIT_VAL<200>,INIT_VAL<147>,INIT_VAL<165>,INIT_VAL<183>,INIT_VAL<201>,INIT_VAL<148>,INIT_VAL<166>,INIT_VAL<184>,INIT_VAL<202>,INIT_VAL<149>,INIT_VAL<167>,INIT_VAL<185>,INIT_VAL<203>,INIT_VAL<150>,INIT_VAL<168>,INIT_VAL<186>,INIT_VAL<204>,INIT_VAL<151>,INIT_VAL<169>,INIT_VAL<187>,INIT_VAL<205>,INIT_VAL<152>,INIT_VAL<170>,INIT_VAL<188>,INIT_VAL<206>,INIT_VAL<153>,INIT_VAL<171>,INIT_VAL<189>,INIT_VAL<207>,INIT_VAL<154>,INIT_VAL<172>,INIT_VAL<190>,INIT_VAL<208>,INIT_VAL<155>,INIT_VAL<173>,INIT_VAL<191>,INIT_VAL<209>,INIT_VAL<156>,INIT_VAL<174>,INIT_VAL<192>,INIT_VAL<210>,INIT_VAL<157>,INIT_VAL<175>,INIT_VAL<193>,INIT_VAL<211>,INIT_VAL<158>,INIT_VAL<176>,INIT_VAL<194>,INIT_VAL<212>,INIT_VAL<159>,INIT_VAL<177>,INIT_VAL<195>,INIT_VAL<213>,INIT_VAL<160>,INIT_VAL<178>,INIT_VAL<196>,INIT_VAL<214>,INIT_VAL<161>,INIT_VAL<179>,INIT_VAL<197>,INIT_VAL<215>
W3,XXXX,CFG_RMUX1<8>,CFG_RMUX1<9>,CFG_RMUX1<5>,CFG_RMUX1<3>,CFG_RMUX1<1>,CFG_RMUX1<21>,CFG_RMUX1<23>,CFG_RMUX1<25>,CFG_RMUX1<29>,CFG_RMUX1<28>,CFG_RMUX1<48>,CFG_RMUX1<49>,CFG_RMUX1<45>,CFG_RMUX1<43>,CFG_RMUX1<41>,CFG_IMUX0<25>,CFG_IMUX0<27>,CFG_IMUX0<29>,CFG_IMUX0<31>,CFG_IMUX0<35>,CFG_IMUX0<34>,CFG_IMUX0<46>,CFG_IMUX0<47>,CFG_IMUX0<43>,CFG_IMUX0<41>,CFG_IMUX0<39>,CFG_IMUX0<37>,XXXX,XXXX,XXXX,XXXX,XXXX,XXXX,XXXX,XXXX,INIT_VAL<216>,INIT_VAL<234>,INIT_VAL<252>,INIT_VAL<270>,INIT_VAL<217>,INIT_VAL<235>,INIT_VAL<253>,INIT_VAL<271>,INIT_VAL<218>,INIT_VAL<236>,INIT_VAL<254>,INIT_VAL<272>,INIT_VAL<219>,INIT_VAL<237>,INIT_VAL<255>,INIT_VAL<273>,INIT_VAL<220>,INIT_VAL<238>,INIT_VAL<256>,INIT_VAL<274>,INIT_VAL<221>,INIT_VAL<239>,INIT_VAL<257>,INIT_VAL<275>,INIT_VAL<222>,INIT_VAL<240>,INIT_VAL<258>,INIT_VAL<276>,INIT_VAL<223>,INIT_VAL<241>,INIT_VAL<259>,INIT_VAL<277>,INIT_VAL<224>,INIT_VAL<242>,INIT_VAL<260>,INIT_VAL<278>,INIT_VAL<225>,INIT_VAL<243>,INIT_VAL<261>,INIT_VAL<279>,INIT_VAL<226>,INIT_VAL<244>,INIT_VAL<262>,INIT_VAL<280>,INIT_VAL<227>,INIT_VAL<245>,INIT_VAL<263>,INIT_VAL<281>,INIT_VAL<228>,INIT_VAL<246>,INIT_VAL<264>,INIT_VAL<282>,INIT_VAL<229>,INIT_VAL<247>,INIT_VAL<265>,INIT_VAL<283>,INIT_VAL<230>,INIT_VAL<248>,INIT_VAL<266>,INIT_VAL<284>,INIT_VAL<231>,INIT_VAL<249>,INIT_VAL<267>,INIT_VAL<285>,INIT_VAL<232>,INIT_VAL<250>,INIT_VAL<268>,INIT_VAL<286>,INIT_VAL<233>,INIT_VAL<251>,INIT_VAL<269>,INIT_VAL<287>
W4,XXXX,CFG_RMUX2<57>,CFG_RMUX2<56>,CFG_RMUX2<54>,CFG_RMUX2<52>,CFG_RMUX2<50>,CFG_RMUX2<10>,CFG_RMUX2<12>,CFG_RMUX2<14>,CFG_RMUX2<16>,CFG_RMUX2<17>,CFG_RMUX2<37>,CFG_RMUX2<36>,CFG_RMUX2<34>,CFG_RMUX2<32>,CFG_RMUX2<30>,CFG_IMUX1<0>,CFG_IMUX1<2>,CFG_IMUX1<4>,CFG_IMUX1<6>,CFG_IMUX1<8>,CFG_IMUX1<9>,CFG_IMUX1<21>,CFG_IMUX1<20>,CFG_IMUX1<18>,CFG_IMUX1<16>,CFG_IMUX1<14>,CFG_IMUX1<12>,XXXX,XXXX,CFG_DWSEL_A0<1>,XXXX,XXXX,XXXX,XXXX,XXXX,INIT_VAL<288>,INIT_VAL<306>,INIT_VAL<324>,INIT_VAL<342>,INIT_VAL<289>,INIT_VAL<307>,INIT_VAL<325>,INIT_VAL<343>,INIT_VAL<290>,INIT_VAL<308>,INIT_VAL<326>,INIT_VAL<344>,INIT_VAL<291>,INIT_VAL<309>,INIT_VAL<327>,INIT_VAL<345>,INIT_VAL<292>,INIT_VAL<310>,INIT_VAL<328>,INIT_VAL<346>,INIT_VAL<293>,INIT_VAL<311>,INIT_VAL<329>,INIT_VAL<347>,INIT_VAL<294>,INIT_VAL<312>,INIT_VAL<330>,INIT_VAL<348>,INIT_VAL<295>,INIT_VAL<313>,INIT_VAL<331>,INIT_VAL<349>,INIT_VAL<296>,INIT_VAL<314>,INIT_VAL<332>,INIT_VAL<350>,INIT_VAL<297>,INIT_VAL<315>,INIT_VAL<333>,INIT_VAL<351>,INIT_VAL<298>,INIT_VAL<316>,INIT_VAL<334>,INIT_VAL<352>,INIT_VAL<299>,INIT_VAL<317>,INIT_VAL<335>,INIT_VAL<353>,INIT_VAL<300>,INIT_VAL<318>,INIT_VAL<336>,INIT_VAL<354>,INIT_VAL<301>,INIT_VAL<319>,INIT_VAL<337>,INIT_VAL<355>,INIT_VAL<302>,INIT_VAL<320>,INIT_VAL<338>,INIT_VAL<356>,INIT_VAL<303>,INIT_VAL<321>,INIT_VAL<339>,INIT_VAL<357>,INIT_VAL<304>,INIT_VAL<322>,INIT_VAL<340>,INIT_VAL<358>,INIT_VAL<305>,INIT_VAL<323>,INIT_VAL<341>,INIT_VAL<359>
W5,XXXX,CFG_RMUX2<58>,CFG_RMUX2<59>,CFG_RMUX2<55>,CFG_RMUX2<53>,CFG_RMUX2<51>,CFG_RMUX2<11>,CFG_RMUX2<13>,CFG_RMUX2<15>,CFG_RMUX2<19>,CFG_RMUX2<18>,CFG_RMUX2<38>,CFG_RMUX2<39>,CFG_RMUX2<35>,CFG_RMUX2<33>,CFG_RMUX2<31>,CFG_IMUX1<1>,CFG_IMUX1<3>,CFG_IMUX1<5>,CFG_IMUX1<7>,CFG_IMUX1<11>,CFG_IMUX1<10>,CFG_IMUX1<22>,CFG_IMUX1<23>,CFG_IMUX1<19>,CFG_IMUX1<17>,CFG_IMUX1<15>,CFG_IMUX1<13>,XXXX,XXXX,CFG_DWSEL_A0<3>,XXXX,XXXX,XXXX,XXXX,XXXX,INIT_VAL<360>,INIT_VAL<378>,INIT_VAL<396>,INIT_VAL<414>,INIT_VAL<361>,INIT_VAL<379>,INIT_VAL<397>,INIT_VAL<415>,INIT_VAL<362>,INIT_VAL<380>,INIT_VAL<398>,INIT_VAL<416>,INIT_VAL<363>,INIT_VAL<381>,INIT_VAL<399>,INIT_VAL<417>,INIT_VAL<364>,INIT_VAL<382>,INIT_VAL<400>,INIT_VAL<418>,INIT_VAL<365>,INIT_VAL<383>,INIT_VAL<401>,INIT_VAL<419>,INIT_VAL<366>,INIT_VAL<384>,INIT_VAL<402>,INIT_VAL<420>,INIT_VAL<367>,INIT_VAL<385>,INIT_VAL<403>,INIT_VAL<421>,INIT_VAL<368>,INIT_VAL<386>,INIT_VAL<404>,INIT_VAL<422>,INIT_VAL<369>,INIT_VAL<387>,INIT_VAL<405>,INIT_VAL<423>,INIT_VAL<370>,INIT_VAL<388>,INIT_VAL<406>,INIT_VAL<424>,INIT_VAL<371>,INIT_VAL<389>,INIT_VAL<407>,INIT_VAL<425>,INIT_VAL<372>,INIT_VAL<390>,INIT_VAL<408>,INIT_VAL<426>,INIT_VAL<373>,INIT_VAL<391>,INIT_VAL<409>,INIT_VAL<427>,INIT_VAL<374>,INIT_VAL<392>,INIT_VAL<410>,INIT_VAL<428>,INIT_VAL<375>,INIT_VAL<393>,INIT_VAL<411>,INIT_VAL<429>,INIT_VAL<376>,INIT_VAL<394>,INIT_VAL<412>,INIT_VAL<430>,INIT_VAL<377>,INIT_VAL<395>,INIT_VAL<413>,INIT_VAL<431>
W6,XXXX,CFG_RMUX3<57>,CFG_RMUX3<56>,CFG_RMUX3<54>,CFG_RMUX3<52>,CFG_RMUX3<50>,CFG_RMUX3<10>,CFG_RMUX3<12>,CFG_RMUX3<14>,CFG_RMUX3<16>,CFG_RMUX3<17>,CFG_RMUX3<37>,CFG_RMUX3<36>,CFG_RMUX3<34>,CFG_RMUX3<32>,CFG_RMUX3<30>,CFG_IMUX1<24>,CFG_IMUX1<26>,CFG_IMUX1<28>,CFG_IMUX1<30>,CFG_IMUX1<32>,CFG_IMUX1<33>,CFG_IMUX1<45>,CFG_IMUX1<44>,CFG_IMUX1<42>,CFG_IMUX1<40>,CFG_IMUX1<38>,CFG_IMUX1<36>,XXXX,XXXX,XXXX,XXXX,XXXX,XXXX,XXXX,XXXX,INIT_VAL<432>,INIT_VAL<450>,INIT_VAL<468>,INIT_VAL<486>,INIT_VAL<433>,INIT_VAL<451>,INIT_VAL<469>,INIT_VAL<487>,INIT_VAL<434>,INIT_VAL<452>,INIT_VAL<470>,INIT_VAL<488>,INIT_VAL<435>,INIT_VAL<453>,INIT_VAL<471>,INIT_VAL<489>,INIT_VAL<436>,INIT_VAL<454>,INIT_VAL<472>,INIT_VAL<490>,INIT_VAL<437>,INIT_VAL<455>,INIT_VAL<473>,INIT_VAL<491>,INIT_VAL<438>,INIT_VAL<456>,INIT_VAL<474>,INIT_VAL<492>,INIT_VAL<439>,INIT_VAL<457>,INIT_VAL<475>,INIT_VAL<493>,INIT_VAL<440>,INIT_VAL<458>,INIT_VAL<476>,INIT_VAL<494>,INIT_VAL<441>,INIT_VAL<459>,INIT_VAL<477>,INIT_VAL<495>,INIT_VAL<442>,INIT_VAL<460>,INIT_VAL<478>,INIT_VAL<496>,INIT_VAL<443>,INIT_VAL<461>,INIT_VAL<479>,INIT_VAL<497>,INIT_VAL<444>,INIT_VAL<462>,INIT_VAL<480>,INIT_VAL<498>,INIT_VAL<445>,INIT_VAL<463>,INIT_VAL<481>,INIT_VAL<499>,INIT_VAL<446>,INIT_VAL<464>,INIT_VAL<482>,INIT_VAL<500>,INIT_VAL<447>,INIT_VAL<465>,INIT_VAL<483>,INIT_VAL<501>,INIT_VAL<448>,INIT_VAL<466>,INIT_VAL<484>,INIT_VAL<502>,INIT_VAL<449>,INIT_VAL<467>,INIT_VAL<485>,INIT_VAL<503>
W7,XXXX,CFG_RMUX3<58>,CFG_RMUX3<59>,CFG_RMUX3<55>,CFG_RMUX3<53>,CFG_RMUX3<51>,CFG_RMUX3<11>,CFG_RMUX3<13>,CFG_RMUX3<15>,CFG_RMUX3<19>,CFG_RMUX3<18>,CFG_RMUX3<38>,CFG_RMUX3<39>,CFG_RMUX3<35>,CFG_RMUX3<33>,CFG_RMUX3<31>,CFG_IMUX1<25>,CFG_IMUX1<27>,CFG_IMUX1<29>,CFG_IMUX1<31>,CFG_IMUX1<35>,CFG_IMUX1<34>,CFG_IMUX1<46>,CFG_IMUX1<47>,CFG_IMUX1<43>,CFG_IMUX1<41>,CFG_IMUX1<39>,CFG_IMUX1<37>,XXXX,XXXX,XXXX,XXXX,XXXX,XXXX,XXXX,XXXX,INIT_VAL<504>,INIT_VAL<522>,INIT_VAL<540>,INIT_VAL<558>,INIT_VAL<505>,INIT_VAL<523>,INIT_VAL<541>,INIT_VAL<559>,INIT_VAL<506>,INIT_VAL<524>,INIT_VAL<542>,INIT_VAL<560>,INIT_VAL<507>,INIT_VAL<525>,INIT_VAL<543>,INIT_VAL<561>,INIT_VAL<508>,INIT_VAL<526>,INIT_VAL<544>,INIT_VAL<562>,INIT_VAL<509>,INIT_VAL<527>,INIT_VAL<545>,INIT_VAL<563>,INIT_VAL<510>,INIT_VAL<528>,INIT_VAL<546>,INIT_VAL<564>,INIT_VAL<511>,INIT_VAL<529>,INIT_VAL<547>,INIT_VAL<565>,INIT_VAL<512>,INIT_VAL<530>,INIT_VAL<548>,INIT_VAL<566>,INIT_VAL<513>,INIT_VAL<531>,INIT_VAL<549>,INIT_VAL<567>,INIT_VAL<514>,INIT_VAL<532>,INIT_VAL<550>,INIT_VAL<568>,INIT_VAL<515>,INIT_VAL<533>,INIT_VAL<551>,INIT_VAL<569>,INIT_VAL<516>,INIT_VAL<534>,INIT_VAL<552>,INIT_VAL<570>,INIT_VAL<517>,INIT_VAL<535>,INIT_VAL<553>,INIT_VAL<571>,INIT_VAL<518>,INIT_VAL<536>,INIT_VAL<554>,INIT_VAL<572>,INIT_VAL<519>,INIT_VAL<537>,INIT_VAL<555>,INIT_VAL<573>,INIT_VAL<520>,INIT_VAL<538>,INIT_VAL<556>,INIT_VAL<574>,INIT_VAL<521>,INIT_VAL<539>,INIT_VAL<557>,INIT_VAL<575>
W8,XXXX,CFG_RMUX0<17>,CFG_RMUX0<16>,CFG_RMUX0<14>,CFG_RMUX0<12>,CFG_RMUX0<10>,CFG_RMUX0<30>,CFG_RMUX0<32>,CFG_RMUX0<34>,CFG_RMUX0<36>,CFG_RMUX0<37>,CFG_RMUX0<57>,CFG_RMUX0<56>,CFG_RMUX0<54>,CFG_RMUX0<52>,CFG_RMUX0<50>,CFG_IMUX2<0>,CFG_IMUX2<2>,CFG_IMUX2<4>,CFG_IMUX2<6>,CFG_IMUX2<8>,CFG_IMUX2<9>,CFG_IMUX2<21>,CFG_IMUX2<20>,CFG_IMUX2<18>,CFG_IMUX2<16>,CFG_IMUX2<14>,CFG_IMUX2<12>,XXXX,XXXX,XXXX,XXXX,XXXX,XXXX,XXXX,XXXX,INIT_VAL<576>,INIT_VAL<594>,INIT_VAL<612>,INIT_VAL<630>,INIT_VAL<577>,INIT_VAL<595>,INIT_VAL<613>,INIT_VAL<631>,INIT_VAL<578>,INIT_VAL<596>,INIT_VAL<614>,INIT_VAL<632>,INIT_VAL<579>,INIT_VAL<597>,INIT_VAL<615>,INIT_VAL<633>,INIT_VAL<580>,INIT_VAL<598>,INIT_VAL<616>,INIT_VAL<634>,INIT_VAL<581>,INIT_VAL<599>,INIT_VAL<617>,INIT_VAL<635>,INIT_VAL<582>,INIT_VAL<600>,INIT_VAL<618>,INIT_VAL<636>,INIT_VAL<583>,INIT_VAL<601>,INIT_VAL<619>,INIT_VAL<637>,INIT_VAL<584>,INIT_VAL<602>,INIT_VAL<620>,INIT_VAL<638>,INIT_VAL<585>,INIT_VAL<603>,INIT_VAL<621>,INIT_VAL<639>,INIT_VAL<586>,INIT_VAL<604>,INIT_VAL<622>,INIT_VAL<640>,INIT_VAL<587>,INIT_VAL<605>,INIT_VAL<623>,INIT_VAL<641>,INIT_VAL<588>,INIT_VAL<606>,INIT_VAL<624>,INIT_VAL<642>,INIT_VAL<589>,INIT_VAL<607>,INIT_VAL<625>,INIT_VAL<643>,INIT_VAL<590>,INIT_VAL<608>,INIT_VAL<626>,INIT_VAL<644>,INIT_VAL<591>,INIT_VAL<609>,INIT_VAL<627>,INIT_VAL<645>,INIT_VAL<592>,INIT_VAL<610>,INIT_VAL<628>,INIT_VAL<646>,INIT_VAL<593>,INIT_VAL<611>,INIT_VAL<629>,INIT_VAL<647>
W9,XXXX,CFG_RMUX0<18>,CFG_RMUX0<19>,CFG_RMUX0<15>,CFG_RMUX0<13>,CFG_RMUX0<11>,CFG_RMUX0<31>,CFG_RMUX0<33>,CFG_RMUX0<35>,CFG_RMUX0<39>,CFG_RMUX0<38>,CFG_RMUX0<58>,CFG_RMUX0<59>,CFG_RMUX0<55>,CFG_RMUX0<53>,CFG_RMUX0<51>,CFG_IMUX2<1>,CFG_IMUX2<3>,CFG_IMUX2<5>,CFG_IMUX2<7>,CFG_IMUX2<11>,CFG_IMUX2<10>,CFG_IMUX2<22>,CFG_IMUX2<23>,CFG_IMUX2<19>,CFG_IMUX2<17>,CFG_IMUX2<15>,CFG_IMUX2<13>,XXXX,XXXX,XXXX,XXXX,XXXX,XXXX,XXXX,XXXX,INIT_VAL<648>,INIT_VAL<666>,INIT_VAL<684>,INIT_VAL<702>,INIT_VAL<649>,INIT_VAL<667>,INIT_VAL<685>,INIT_VAL<703>,INIT_VAL<650>,INIT_VAL<668>,INIT_VAL<686>,INIT_VAL<704>,INIT_VAL<651>,INIT_VAL<669>,INIT_VAL<687>,INIT_VAL<705>,INIT_VAL<652>,INIT_VAL<670>,INIT_VAL<688>,INIT_VAL<706>,INIT_VAL<653>,INIT_VAL<671>,INIT_VAL<689>,INIT_VAL<707>,INIT_VAL<654>,INIT_VAL<672>,INIT_VAL<690>,INIT_VAL<708>,INIT_VAL<655>,INIT_VAL<673>,INIT_VAL<691>,INIT_VAL<709>,INIT_VAL<656>,INIT_VAL<674>,INIT_VAL<692>,INIT_VAL<710>,INIT_VAL<657>,INIT_VAL<675>,INIT_VAL<693>,INIT_VAL<711>,INIT_VAL<658>,INIT_VAL<676>,INIT_VAL<694>,INIT_VAL<712>,INIT_VAL<659>,INIT_VAL<677>,INIT_VAL<695>,INIT_VAL<713>,INIT_VAL<660>,INIT_VAL<678>,INIT_VAL<696>,INIT_VAL<714>,INIT_VAL<661>,INIT_VAL<679>,INIT_VAL<697>,INIT_VAL<715>,INIT_VAL<662>,INIT_VAL<680>,INIT_VAL<698>,INIT_VAL<716>,INIT_VAL<663>,INIT_VAL<681>,INIT_VAL<699>,INIT_VAL<717>,INIT_VAL<664>,INIT_VAL<682>,INIT_VAL<700>,INIT_VAL<718>,INIT_VAL<665>,INIT_VAL<683>,INIT_VAL<701>,INIT_VAL<719>
W10,XXXX,CFG_RMUX1<17>,CFG_RMUX1<16>,CFG_RMUX1<14>,CFG_RMUX1<12>,CFG_RMUX1<10>,CFG_RMUX1<30>,CFG_RMUX1<32>,CFG_RMUX1<34>,CFG_RMUX1<36>,CFG_RMUX1<37>,CFG_RMUX1<57>,CFG_RMUX1<56>,CFG_RMUX1<54>,CFG_RMUX1<52>,CFG_RMUX1<50>,CFG_IMUX2<24>,CFG_IMUX2<26>,CFG_IMUX2<28>,CFG_IMUX2<30>,CFG_IMUX2<32>,CFG_IMUX2<33>,CFG_IMUX2<45>,CFG_IMUX2<44>,CFG_IMUX2<42>,CFG_IMUX2<40>,CFG_IMUX2<38>,CFG_IMUX2<36>,XXXX,XXXX,XXXX,XXXX,XXXX,XXXX,XXXX,XXXX,INIT_VAL<720>,INIT_VAL<738>,INIT_VAL<756>,INIT_VAL<774>,INIT_VAL<721>,INIT_VAL<739>,INIT_VAL<757>,INIT_VAL<775>,INIT_VAL<722>,INIT_VAL<740>,INIT_VAL<758>,INIT_VAL<776>,INIT_VAL<723>,INIT_VAL<741>,INIT_VAL<759>,INIT_VAL<777>,INIT_VAL<724>,INIT_VAL<742>,INIT_VAL<760>,INIT_VAL<778>,INIT_VAL<725>,INIT_VAL<743>,INIT_VAL<761>,INIT_VAL<779>,INIT_VAL<726>,INIT_VAL<744>,INIT_VAL<762>,INIT_VAL<780>,INIT_VAL<727>,INIT_VAL<745>,INIT_VAL<763>,INIT_VAL<781>,INIT_VAL<728>,INIT_VAL<746>,INIT_VAL<764>,INIT_VAL<782>,INIT_VAL<729>,INIT_VAL<747>,INIT_VAL<765>,INIT_VAL<783>,INIT_VAL<730>,INIT_VAL<748>,INIT_VAL<766>,INIT_VAL<784>,INIT_VAL<731>,INIT_VAL<749>,INIT_VAL<767>,INIT_VAL<785>,INIT_VAL<732>,INIT_VAL<750>,INIT_VAL<768>,INIT_VAL<786>,INIT_VAL<733>,INIT_VAL<751>,INIT_VAL<769>,INIT_VAL<787>,INIT_VAL<734>,INIT_VAL<752>,INIT_VAL<770>,INIT_VAL<788>,INIT_VAL<735>,INIT_VAL<753>,INIT_VAL<771>,INIT_VAL<789>,INIT_VAL<736>,INIT_VAL<754>,INIT_VAL<772>,INIT_VAL<790>,INIT_VAL<737>,INIT_VAL<755>,INIT_VAL<773>,INIT_VAL<791>
W11,XXXX,CFG_RMUX1<18>,CFG_RMUX1<19>,CFG_RMUX1<15>,CFG_RMUX1<13>,CFG_RMUX1<11>,CFG_RMUX1<31>,CFG_RMUX1<33>,CFG_RMUX1<35>,CFG_RMUX1<39>,CFG_RMUX1<38>,CFG_RMUX1<58>,CFG_RMUX1<59>,CFG_RMUX1<55>,CFG_RMUX1<53>,CFG_RMUX1<51>,CFG_IMUX2<25>,CFG_IMUX2<27>,CFG_IMUX2<29>,CFG_IMUX2<31>,CFG_IMUX2<35>,CFG_IMUX2<34>,CFG_IMUX2<46>,CFG_IMUX2<47>,CFG_IMUX2<43>,CFG_IMUX2<41>,CFG_IMUX2<39>,CFG_IMUX2<37>,XXXX,XXXX,XXXX,XXXX,XXXX,XXXX,XXXX,XXXX,INIT_VAL<792>,INIT_VAL<810>,INIT_VAL<828>,INIT_VAL<846>,INIT_VAL<793>,INIT_VAL<811>,INIT_VAL<829>,INIT_VAL<847>,INIT_VAL<794>,INIT_VAL<812>,INIT_VAL<830>,INIT_VAL<848>,INIT_VAL<795>,INIT_VAL<813>,INIT_VAL<831>,INIT_VAL<849>,INIT_VAL<796>,INIT_VAL<814>,INIT_VAL<832>,INIT_VAL<850>,INIT_VAL<797>,INIT_VAL<815>,INIT_VAL<833>,INIT_VAL<851>,INIT_VAL<798>,INIT_VAL<816>,INIT_VAL<834>,INIT_VAL<852>,INIT_VAL<799>,INIT_VAL<817>,INIT_VAL<835>,INIT_VAL<853>,INIT_VAL<800>,INIT_VAL<818>,INIT_VAL<836>,INIT_VAL<854>,INIT_VAL<801>,INIT_VAL<819>,INIT_VAL<837>,INIT_VAL<855>,INIT_VAL<802>,INIT_VAL<820>,INIT_VAL<838>,INIT_VAL<856>,INIT_VAL<803>,INIT_VAL<821>,INIT_VAL<839>,INIT_VAL<857>,INIT_VAL<804>,INIT_VAL<822>,INIT_VAL<840>,INIT_VAL<858>,INIT_VAL<805>,INIT_VAL<823>,INIT_VAL<841>,INIT_VAL<859>,INIT_VAL<806>,INIT_VAL<824>,INIT_VAL<842>,INIT_VAL<860>,INIT_VAL<807>,INIT_VAL<825>,INIT_VAL<843>,INIT_VAL<861>,INIT_VAL<808>,INIT_VAL<826>,INIT_VAL<844>,INIT_VAL<862>,INIT_VAL<809>,INIT_VAL<827>,INIT_VAL<845>,INIT_VAL<863>
W12,XXXX,CFG_RMUX2<47>,CFG_RMUX2<46>,CFG_RMUX2<44>,CFG_RMUX2<42>,CFG_RMUX2<40>,CFG_RMUX2<0>,CFG_RMUX2<2>,CFG_RMUX2<4>,CFG_RMUX2<6>,CFG_RMUX2<7>,CFG_RMUX2<27>,CFG_RMUX2<26>,CFG_RMUX2<24>,CFG_RMUX2<22>,CFG_RMUX2<20>,CFG_IMUX3<0>,CFG_IMUX3<2>,CFG_IMUX3<4>,CFG_IMUX3<6>,CFG_IMUX3<8>,CFG_IMUX3<9>,CFG_IMUX3<21>,CFG_IMUX3<20>,CFG_IMUX3<18>,CFG_IMUX3<16>,CFG_IMUX3<14>,CFG_IMUX3<12>,XXXX,XXXX,CFG_DWSEL_A0<2>,XXXX,XXXX,XXXX,XXXX,XXXX,INIT_VAL<864>,INIT_VAL<882>,INIT_VAL<900>,INIT_VAL<918>,INIT_VAL<865>,INIT_VAL<883>,INIT_VAL<901>,INIT_VAL<919>,INIT_VAL<866>,INIT_VAL<884>,INIT_VAL<902>,INIT_VAL<920>,INIT_VAL<867>,INIT_VAL<885>,INIT_VAL<903>,INIT_VAL<921>,INIT_VAL<868>,INIT_VAL<886>,INIT_VAL<904>,INIT_VAL<922>,INIT_VAL<869>,INIT_VAL<887>,INIT_VAL<905>,INIT_VAL<923>,INIT_VAL<870>,INIT_VAL<888>,INIT_VAL<906>,INIT_VAL<924>,INIT_VAL<871>,INIT_VAL<889>,INIT_VAL<907>,INIT_VAL<925>,INIT_VAL<872>,INIT_VAL<890>,INIT_VAL<908>,INIT_VAL<926>,INIT_VAL<873>,INIT_VAL<891>,INIT_VAL<909>,INIT_VAL<927>,INIT_VAL<874>,INIT_VAL<892>,INIT_VAL<910>,INIT_VAL<928>,INIT_VAL<875>,INIT_VAL<893>,INIT_VAL<911>,INIT_VAL<929>,INIT_VAL<876>,INIT_VAL<894>,INIT_VAL<912>,INIT_VAL<930>,INIT_VAL<877>,INIT_VAL<895>,INIT_VAL<913>,INIT_VAL<931>,INIT_VAL<878>,INIT_VAL<896>,INIT_VAL<914>,INIT_VAL<932>,INIT_VAL<879>,INIT_VAL<897>,INIT_VAL<915>,INIT_VAL<933>,INIT_VAL<880>,INIT_VAL<898>,INIT_VAL<916>,INIT_VAL<934>,INIT_VAL<881>,INIT_VAL<899>,INIT_VAL<917>,INIT_VAL<935>
W13,XXXX,CFG_RMUX2<48>,CFG_RMUX2<49>,CFG_RMUX2<45>,CFG_RMUX2<43>,CFG_RMUX2<41>,CFG_RMUX2<1>,CFG_RMUX2<3>,CFG_RMUX2<5>,CFG_RMUX2<9>,CFG_RMUX2<8>,CFG_RMUX2<28>,CFG_RMUX2<29>,CFG_RMUX2<25>,CFG_RMUX2<23>,CFG_RMUX2<21>,CFG_IMUX3<1>,CFG_IMUX3<3>,CFG_IMUX3<5>,CFG_IMUX3<7>,CFG_IMUX3<11>,CFG_IMUX3<10>,CFG_IMUX3<22>,CFG_IMUX3<23>,CFG_IMUX3<19>,CFG_IMUX3<17>,CFG_IMUX3<15>,CFG_IMUX3<13>,XXXX,XXXX,XXXX,XXXX,XXXX,XXXX,XXXX,XXXX,INIT_VAL<936>,INIT_VAL<954>,INIT_VAL<972>,INIT_VAL<990>,INIT_VAL<937>,INIT_VAL<955>,INIT_VAL<973>,INIT_VAL<991>,INIT_VAL<938>,INIT_VAL<956>,INIT_VAL<974>,INIT_VAL<992>,INIT_VAL<939>,INIT_VAL<957>,INIT_VAL<975>,INIT_VAL<993>,INIT_VAL<940>,INIT_VAL<958>,INIT_VAL<976>,INIT_VAL<994>,INIT_VAL<941>,INIT_VAL<959>,INIT_VAL<977>,INIT_VAL<995>,INIT_VAL<942>,INIT_VAL<960>,INIT_VAL<978>,INIT_VAL<996>,INIT_VAL<943>,INIT_VAL<961>,INIT_VAL<979>,INIT_VAL<997>,INIT_VAL<944>,INIT_VAL<962>,INIT_VAL<980>,INIT_VAL<998>,INIT_VAL<945>,INIT_VAL<963>,INIT_VAL<981>,INIT_VAL<999>,INIT_VAL<946>,INIT_VAL<964>,INIT_VAL<982>,INIT_VAL<1000>,INIT_VAL<947>,INIT_VAL<965>,INIT_VAL<983>,INIT_VAL<1001>,INIT_VAL<948>,INIT_VAL<966>,INIT_VAL<984>,INIT_VAL<1002>,INIT_VAL<949>,INIT_VAL<967>,INIT_VAL<985>,INIT_VAL<1003>,INIT_VAL<950>,INIT_VAL<968>,INIT_VAL<986>,INIT_VAL<1004>,INIT_VAL<951>,INIT_VAL<969>,INIT_VAL<987>,INIT_VAL<1005>,INIT_VAL<952>,INIT_VAL<970>,INIT_VAL<988>,INIT_VAL<1006>,INIT_VAL<953>,INIT_VAL<971>,INIT_VAL<989>,INIT_VAL<1007>
W14,XXXX,CFG_RMUX3<47>,CFG_RMUX3<46>,CFG_RMUX3<44>,CFG_RMUX3<42>,CFG_RMUX3<40>,CFG_RMUX3<0>,CFG_RMUX3<2>,CFG_RMUX3<4>,CFG_RMUX3<6>,CFG_RMUX3<7>,CFG_RMUX3<27>,CFG_RMUX3<26>,CFG_RMUX3<24>,CFG_RMUX3<22>,CFG_RMUX3<20>,CFG_IMUX3<24>,CFG_IMUX3<26>,CFG_IMUX3<28>,CFG_IMUX3<30>,CFG_IMUX3<32>,CFG_IMUX3<33>,CFG_IMUX3<45>,CFG_IMUX3<44>,CFG_IMUX3<42>,CFG_IMUX3<40>,CFG_IMUX3<38>,CFG_IMUX3<36>,XXXX,XXXX,CFG_DWSEL_A0<0>,XXXX,XXXX,XXXX,XXXX,XXXX,INIT_VAL<1008>,INIT_VAL<1026>,INIT_VAL<1044>,INIT_VAL<1062>,INIT_VAL<1009>,INIT_VAL<1027>,INIT_VAL<1045>,INIT_VAL<1063>,INIT_VAL<1010>,INIT_VAL<1028>,INIT_VAL<1046>,INIT_VAL<1064>,INIT_VAL<1011>,INIT_VAL<1029>,INIT_VAL<1047>,INIT_VAL<1065>,INIT_VAL<1012>,INIT_VAL<1030>,INIT_VAL<1048>,INIT_VAL<1066>,INIT_VAL<1013>,INIT_VAL<1031>,INIT_VAL<1049>,INIT_VAL<1067>,INIT_VAL<1014>,INIT_VAL<1032>,INIT_VAL<1050>,INIT_VAL<1068>,INIT_VAL<1015>,INIT_VAL<1033>,INIT_VAL<1051>,INIT_VAL<1069>,INIT_VAL<1016>,INIT_VAL<1034>,INIT_VAL<1052>,INIT_VAL<1070>,INIT_VAL<1017>,INIT_VAL<1035>,INIT_VAL<1053>,INIT_VAL<1071>,INIT_VAL<1018>,INIT_VAL<1036>,INIT_VAL<1054>,INIT_VAL<1072>,INIT_VAL<1019>,INIT_VAL<1037>,INIT_VAL<1055>,INIT_VAL<1073>,INIT_VAL<1020>,INIT_VAL<1038>,INIT_VAL<1056>,INIT_VAL<1074>,INIT_VAL<1021>,INIT_VAL<1039>,INIT_VAL<1057>,INIT_VAL<1075>,INIT_VAL<1022>,INIT_VAL<1040>,INIT_VAL<1058>,INIT_VAL<1076>,INIT_VAL<1023>,INIT_VAL<1041>,INIT_VAL<1059>,INIT_VAL<1077>,INIT_VAL<1024>,INIT_VAL<1042>,INIT_VAL<1060>,INIT_VAL<1078>,INIT_VAL<1025>,INIT_VAL<1043>,INIT_VAL<1061>,INIT_VAL<1079>
W15,XXXX,CFG_RMUX3<48>,CFG_RMUX3<49>,CFG_RMUX3<45>,CFG_RMUX3<43>,CFG_RMUX3<41>,CFG_RMUX3<1>,CFG_RMUX3<3>,CFG_RMUX3<5>,CFG_RMUX3<9>,CFG_RMUX3<8>,CFG_RMUX3<28>,CFG_RMUX3<29>,CFG_RMUX3<25>,CFG_RMUX3<23>,CFG_RMUX3<21>,CFG_IMUX3<25>,CFG_IMUX3<27>,CFG_IMUX3<29>,CFG_IMUX3<31>,CFG_IMUX3<35>,CFG_IMUX3<34>,CFG_IMUX3<46>,CFG_IMUX3<47>,CFG_IMUX3<43>,CFG_IMUX3<41>,CFG_IMUX3<39>,CFG_IMUX3<37>,XXXX,XXXX,XXXX,XXXX,XXXX,XXXX,XXXX,XXXX,INIT_VAL<1080>,INIT_VAL<1098>,INIT_VAL<1116>,INIT_VAL<1134>,INIT_VAL<1081>,INIT_VAL<1099>,INIT_VAL<1117>,INIT_VAL<1135>,INIT_VAL<1082>,INIT_VAL<1100>,INIT_VAL<1118>,INIT_VAL<1136>,INIT_VAL<1083>,INIT_VAL<1101>,INIT_VAL<1119>,INIT_VAL<1137>,INIT_VAL<1084>,INIT_VAL<1102>,INIT_VAL<1120>,INIT_VAL<1138>,INIT_VAL<1085>,INIT_VAL<1103>,INIT_VAL<1121>,INIT_VAL<1139>,INIT_VAL<1086>,INIT_VAL<1104>,INIT_VAL<1122>,INIT_VAL<1140>,INIT_VAL<1087>,INIT_VAL<1105>,INIT_VAL<1123>,INIT_VAL<1141>,INIT_VAL<1088>,INIT_VAL<1106>,INIT_VAL<1124>,INIT_VAL<1142>,INIT_VAL<1089>,INIT_VAL<1107>,INIT_VAL<1125>,INIT_VAL<1143>,INIT_VAL<1090>,INIT_VAL<1108>,INIT_VAL<1126>,INIT_VAL<1144>,INIT_VAL<1091>,INIT_VAL<1109>,INIT_VAL<1127>,INIT_VAL<1145>,INIT_VAL<1092>,INIT_VAL<1110>,INIT_VAL<1128>,INIT_VAL<1146>,INIT_VAL<1093>,INIT_VAL<1111>,INIT_VAL<1129>,INIT_VAL<1147>,INIT_VAL<1094>,INIT_VAL<1112>,INIT_VAL<1130>,INIT_VAL<1148>,INIT_VAL<1095>,INIT_VAL<1113>,INIT_VAL<1131>,INIT_VAL<1149>,INIT_VAL<1096>,INIT_VAL<1114>,INIT_VAL<1132>,INIT_VAL<1150>,INIT_VAL<1097>,INIT_VAL<1115>,INIT_VAL<1133>,INIT_VAL<1151>
W16,XXXX,CFG_RMUX4<7>,CFG_RMUX4<6>,CFG_RMUX4<4>,CFG_RMUX4<2>,CFG_RMUX4<0>,CFG_RMUX4<20>,CFG_RMUX4<22>,CFG_RMUX4<24>,CFG_RMUX4<26>,CFG_RMUX4<27>,CFG_RMUX4<47>,CFG_RMUX4<46>,CFG_RMUX4<44>,CFG_RMUX4<42>,CFG_RMUX4<40>,CFG_IMUX4<0>,CFG_IMUX4<2>,CFG_IMUX4<4>,CFG_IMUX4<6>,CFG_IMUX4<8>,CFG_IMUX4<9>,CFG_IMUX4<21>,CFG_IMUX4<20>,CFG_IMUX4<18>,CFG_IMUX4<16>,CFG_IMUX4<14>,CFG_IMUX4<12>,XXXX,XXXX,XXXX,XXXX,XXXX,XXXX,XXXX,XXXX,INIT_VAL<1152>,INIT_VAL<1170>,INIT_VAL<1188>,INIT_VAL<1206>,INIT_VAL<1153>,INIT_VAL<1171>,INIT_VAL<1189>,INIT_VAL<1207>,INIT_VAL<1154>,INIT_VAL<1172>,INIT_VAL<1190>,INIT_VAL<1208>,INIT_VAL<1155>,INIT_VAL<1173>,INIT_VAL<1191>,INIT_VAL<1209>,INIT_VAL<1156>,INIT_VAL<1174>,INIT_VAL<1192>,INIT_VAL<1210>,INIT_VAL<1157>,INIT_VAL<1175>,INIT_VAL<1193>,INIT_VAL<1211>,INIT_VAL<1158>,INIT_VAL<1176>,INIT_VAL<1194>,INIT_VAL<1212>,INIT_VAL<1159>,INIT_VAL<1177>,INIT_VAL<1195>,INIT_VAL<1213>,INIT_VAL<1160>,INIT_VAL<1178>,INIT_VAL<1196>,INIT_VAL<1214>,INIT_VAL<1161>,INIT_VAL<1179>,INIT_VAL<1197>,INIT_VAL<1215>,INIT_VAL<1162>,INIT_VAL<1180>,INIT_VAL<1198>,INIT_VAL<1216>,INIT_VAL<1163>,INIT_VAL<1181>,INIT_VAL<1199>,INIT_VAL<1217>,INIT_VAL<1164>,INIT_VAL<1182>,INIT_VAL<1200>,INIT_VAL<1218>,INIT_VAL<1165>,INIT_VAL<1183>,INIT_VAL<1201>,INIT_VAL<1219>,INIT_VAL<1166>,INIT_VAL<1184>,INIT_VAL<1202>,INIT_VAL<1220>,INIT_VAL<1167>,INIT_VAL<1185>,INIT_VAL<1203>,INIT_VAL<1221>,INIT_VAL<1168>,INIT_VAL<1186>,INIT_VAL<1204>,INIT_VAL<1222>,INIT_VAL<1169>,INIT_VAL<1187>,INIT_VAL<1205>,INIT_VAL<1223>
W17,XXXX,CFG_RMUX4<8>,CFG_RMUX4<9>,CFG_RMUX4<5>,CFG_RMUX4<3>,CFG_RMUX4<1>,CFG_RMUX4<21>,CFG_RMUX4<23>,CFG_RMUX4<25>,CFG_RMUX4<29>,CFG_RMUX4<28>,CFG_RMUX4<48>,CFG_RMUX4<49>,CFG_RMUX4<45>,CFG_RMUX4<43>,CFG_RMUX4<41>,CFG_IMUX4<1>,CFG_IMUX4<3>,CFG_IMUX4<5>,CFG_IMUX4<7>,CFG_IMUX4<11>,CFG_IMUX4<10>,CFG_IMUX4<22>,CFG_IMUX4<23>,CFG_IMUX4<19>,CFG_IMUX4<17>,CFG_IMUX4<15>,CFG_IMUX4<13>,XXXX,XXXX,CFG_SEL_WKMODE_A,XXXX,XXXX,XXXX,XXXX,XXXX,INIT_VAL<1224>,INIT_VAL<1242>,INIT_VAL<1260>,INIT_VAL<1278>,INIT_VAL<1225>,INIT_VAL<1243>,INIT_VAL<1261>,INIT_VAL<1279>,INIT_VAL<1226>,INIT_VAL<1244>,INIT_VAL<1262>,INIT_VAL<1280>,INIT_VAL<1227>,INIT_VAL<1245>,INIT_VAL<1263>,INIT_VAL<1281>,INIT_VAL<1228>,INIT_VAL<1246>,INIT_VAL<1264>,INIT_VAL<1282>,INIT_VAL<1229>,INIT_VAL<1247>,INIT_VAL<1265>,INIT_VAL<1283>,INIT_VAL<1230>,INIT_VAL<1248>,INIT_VAL<1266>,INIT_VAL<1284>,INIT_VAL<1231>,INIT_VAL<1249>,INIT_VAL<1267>,INIT_VAL<1285>,INIT_VAL<1232>,INIT_VAL<1250>,INIT_VAL<1268>,INIT_VAL<1286>,INIT_VAL<1233>,INIT_VAL<1251>,INIT_VAL<1269>,INIT_VAL<1287>,INIT_VAL<1234>,INIT_VAL<1252>,INIT_VAL<1270>,INIT_VAL<1288>,INIT_VAL<1235>,INIT_VAL<1253>,INIT_VAL<1271>,INIT_VAL<1289>,INIT_VAL<1236>,INIT_VAL<1254>,INIT_VAL<1272>,INIT_VAL<1290>,INIT_VAL<1237>,INIT_VAL<1255>,INIT_VAL<1273>,INIT_VAL<1291>,INIT_VAL<1238>,INIT_VAL<1256>,INIT_VAL<1274>,INIT_VAL<1292>,INIT_VAL<1239>,INIT_VAL<1257>,INIT_VAL<1275>,INIT_VAL<1293>,INIT_VAL<1240>,INIT_VAL<1258>,INIT_VAL<1276>,INIT_VAL<1294>,INIT_VAL<1241>,INIT_VAL<1259>,INIT_VAL<1277>,INIT_VAL<1295>
W18,XXXX,CFG_RMUX5<7>,CFG_RMUX5<6>,CFG_RMUX5<4>,CFG_RMUX5<2>,CFG_RMUX5<0>,CFG_RMUX5<20>,CFG_RMUX5<22>,CFG_RMUX5<24>,CFG_RMUX5<26>,CFG_RMUX5<27>,CFG_RMUX5<47>,CFG_RMUX5<46>,CFG_RMUX5<44>,CFG_RMUX5<42>,CFG_RMUX5<40>,CFG_IMUX4<24>,CFG_IMUX4<26>,CFG_IMUX4<28>,CFG_IMUX4<30>,CFG_IMUX4<32>,CFG_IMUX4<33>,CFG_IMUX4<45>,CFG_IMUX4<44>,CFG_IMUX4<42>,CFG_IMUX4<40>,CFG_IMUX4<38>,CFG_IMUX4<36>,XXXX,XXXX,XXXX,XXXX,XXXX,XXXX,XXXX,XXXX,INIT_VAL<1296>,INIT_VAL<1314>,INIT_VAL<1332>,INIT_VAL<1350>,INIT_VAL<1297>,INIT_VAL<1315>,INIT_VAL<1333>,INIT_VAL<1351>,INIT_VAL<1298>,INIT_VAL<1316>,INIT_VAL<1334>,INIT_VAL<1352>,INIT_VAL<1299>,INIT_VAL<1317>,INIT_VAL<1335>,INIT_VAL<1353>,INIT_VAL<1300>,INIT_VAL<1318>,INIT_VAL<1336>,INIT_VAL<1354>,INIT_VAL<1301>,INIT_VAL<1319>,INIT_VAL<1337>,INIT_VAL<1355>,INIT_VAL<1302>,INIT_VAL<1320>,INIT_VAL<1338>,INIT_VAL<1356>,INIT_VAL<1303>,INIT_VAL<1321>,INIT_VAL<1339>,INIT_VAL<1357>,INIT_VAL<1304>,INIT_VAL<1322>,INIT_VAL<1340>,INIT_VAL<1358>,INIT_VAL<1305>,INIT_VAL<1323>,INIT_VAL<1341>,INIT_VAL<1359>,INIT_VAL<1306>,INIT_VAL<1324>,INIT_VAL<1342>,INIT_VAL<1360>,INIT_VAL<1307>,INIT_VAL<1325>,INIT_VAL<1343>,INIT_VAL<1361>,INIT_VAL<1308>,INIT_VAL<1326>,INIT_VAL<1344>,INIT_VAL<1362>,INIT_VAL<1309>,INIT_VAL<1327>,INIT_VAL<1345>,INIT_VAL<1363>,INIT_VAL<1310>,INIT_VAL<1328>,INIT_VAL<1346>,INIT_VAL<1364>,INIT_VAL<1311>,INIT_VAL<1329>,INIT_VAL<1347>,INIT_VAL<1365>,INIT_VAL<1312>,INIT_VAL<1330>,INIT_VAL<1348>,INIT_VAL<1366>,INIT_VAL<1313>,INIT_VAL<1331>,INIT_VAL<1349>,INIT_VAL<1367>
W19,XXXX,CFG_RMUX5<8>,CFG_RMUX5<9>,CFG_RMUX5<5>,CFG_RMUX5<3>,CFG_RMUX5<1>,CFG_RMUX5<21>,CFG_RMUX5<23>,CFG_RMUX5<25>,CFG_RMUX5<29>,CFG_RMUX5<28>,CFG_RMUX5<48>,CFG_RMUX5<49>,CFG_RMUX5<45>,CFG_RMUX5<43>,CFG_RMUX5<41>,CFG_IMUX4<25>,CFG_IMUX4<27>,CFG_IMUX4<29>,CFG_IMUX4<31>,CFG_IMUX4<35>,CFG_IMUX4<34>,CFG_IMUX4<46>,CFG_IMUX4<47>,CFG_IMUX4<43>,CFG_IMUX4<41>,CFG_IMUX4<39>,CFG_IMUX4<37>,XXXX,XXXX,XXXX,XXXX,XXXX,XXXX,XXXX,XXXX,INIT_VAL<1368>,INIT_VAL<1386>,INIT_VAL<1404>,INIT_VAL<1422>,INIT_VAL<1369>,INIT_VAL<1387>,INIT_VAL<1405>,INIT_VAL<1423>,INIT_VAL<1370>,INIT_VAL<1388>,INIT_VAL<1406>,INIT_VAL<1424>,INIT_VAL<1371>,INIT_VAL<1389>,INIT_VAL<1407>,INIT_VAL<1425>,INIT_VAL<1372>,INIT_VAL<1390>,INIT_VAL<1408>,INIT_VAL<1426>,INIT_VAL<1373>,INIT_VAL<1391>,INIT_VAL<1409>,INIT_VAL<1427>,INIT_VAL<1374>,INIT_VAL<1392>,INIT_VAL<1410>,INIT_VAL<1428>,INIT_VAL<1375>,INIT_VAL<1393>,INIT_VAL<1411>,INIT_VAL<1429>,INIT_VAL<1376>,INIT_VAL<1394>,INIT_VAL<1412>,INIT_VAL<1430>,INIT_VAL<1377>,INIT_VAL<1395>,INIT_VAL<1413>,INIT_VAL<1431>,INIT_VAL<1378>,INIT_VAL<1396>,INIT_VAL<1414>,INIT_VAL<1432>,INIT_VAL<1379>,INIT_VAL<1397>,INIT_VAL<1415>,INIT_VAL<1433>,INIT_VAL<1380>,INIT_VAL<1398>,INIT_VAL<1416>,INIT_VAL<1434>,INIT_VAL<1381>,INIT_VAL<1399>,INIT_VAL<1417>,INIT_VAL<1435>,INIT_VAL<1382>,INIT_VAL<1400>,INIT_VAL<1418>,INIT_VAL<1436>,INIT_VAL<1383>,INIT_VAL<1401>,INIT_VAL<1419>,INIT_VAL<1437>,INIT_VAL<1384>,INIT_VAL<1402>,INIT_VAL<1420>,INIT_VAL<1438>,INIT_VAL<1385>,INIT_VAL<1403>,INIT_VAL<1421>,INIT_VAL<1439>
W20,XXXX,CFG_RMUX6<57>,CFG_RMUX6<56>,CFG_RMUX6<54>,CFG_RMUX6<52>,CFG_RMUX6<50>,CFG_RMUX6<10>,CFG_RMUX6<12>,CFG_RMUX6<14>,CFG_RMUX6<16>,CFG_RMUX6<17>,CFG_RMUX6<37>,CFG_RMUX6<36>,CFG_RMUX6<34>,CFG_RMUX6<32>,CFG_RMUX6<30>,CFG_IMUX5<0>,CFG_IMUX5<2>,CFG_IMUX5<4>,CFG_IMUX5<6>,CFG_IMUX5<8>,CFG_IMUX5<9>,CFG_IMUX5<21>,CFG_IMUX5<20>,CFG_IMUX5<18>,CFG_IMUX5<16>,CFG_IMUX5<14>,CFG_IMUX5<12>,XXXX,XXXX,XXXX,XXXX,XXXX,XXXX,XXXX,XXXX,INIT_VAL<1440>,INIT_VAL<1458>,INIT_VAL<1476>,INIT_VAL<1494>,INIT_VAL<1441>,INIT_VAL<1459>,INIT_VAL<1477>,INIT_VAL<1495>,INIT_VAL<1442>,INIT_VAL<1460>,INIT_VAL<1478>,INIT_VAL<1496>,INIT_VAL<1443>,INIT_VAL<1461>,INIT_VAL<1479>,INIT_VAL<1497>,INIT_VAL<1444>,INIT_VAL<1462>,INIT_VAL<1480>,INIT_VAL<1498>,INIT_VAL<1445>,INIT_VAL<1463>,INIT_VAL<1481>,INIT_VAL<1499>,INIT_VAL<1446>,INIT_VAL<1464>,INIT_VAL<1482>,INIT_VAL<1500>,INIT_VAL<1447>,INIT_VAL<1465>,INIT_VAL<1483>,INIT_VAL<1501>,INIT_VAL<1448>,INIT_VAL<1466>,INIT_VAL<1484>,INIT_VAL<1502>,INIT_VAL<1449>,INIT_VAL<1467>,INIT_VAL<1485>,INIT_VAL<1503>,INIT_VAL<1450>,INIT_VAL<1468>,INIT_VAL<1486>,INIT_VAL<1504>,INIT_VAL<1451>,INIT_VAL<1469>,INIT_VAL<1487>,INIT_VAL<1505>,INIT_VAL<1452>,INIT_VAL<1470>,INIT_VAL<1488>,INIT_VAL<1506>,INIT_VAL<1453>,INIT_VAL<1471>,INIT_VAL<1489>,INIT_VAL<1507>,INIT_VAL<1454>,INIT_VAL<1472>,INIT_VAL<1490>,INIT_VAL<1508>,INIT_VAL<1455>,INIT_VAL<1473>,INIT_VAL<1491>,INIT_VAL<1509>,INIT_VAL<1456>,INIT_VAL<1474>,INIT_VAL<1492>,INIT_VAL<1510>,INIT_VAL<1457>,INIT_VAL<1475>,INIT_VAL<1493>,INIT_VAL<1511>
W21,XXXX,CFG_RMUX6<58>,CFG_RMUX6<59>,CFG_RMUX6<55>,CFG_RMUX6<53>,CFG_RMUX6<51>,CFG_RMUX6<11>,CFG_RMUX6<13>,CFG_RMUX6<15>,CFG_RMUX6<19>,CFG_RMUX6<18>,CFG_RMUX6<38>,CFG_RMUX6<39>,CFG_RMUX6<35>,CFG_RMUX6<33>,CFG_RMUX6<31>,CFG_IMUX5<1>,CFG_IMUX5<3>,CFG_IMUX5<5>,CFG_IMUX5<7>,CFG_IMUX5<11>,CFG_IMUX5<10>,CFG_IMUX5<22>,CFG_IMUX5<23>,CFG_IMUX5<19>,CFG_IMUX5<17>,CFG_IMUX5<15>,CFG_IMUX5<13>,XXXX,XXXX,XXXX,XXXX,XXXX,XXXX,XXXX,XXXX,INIT_VAL<1512>,INIT_VAL<1530>,INIT_VAL<1548>,INIT_VAL<1566>,INIT_VAL<1513>,INIT_VAL<1531>,INIT_VAL<1549>,INIT_VAL<1567>,INIT_VAL<1514>,INIT_VAL<1532>,INIT_VAL<1550>,INIT_VAL<1568>,INIT_VAL<1515>,INIT_VAL<1533>,INIT_VAL<1551>,INIT_VAL<1569>,INIT_VAL<1516>,INIT_VAL<1534>,INIT_VAL<1552>,INIT_VAL<1570>,INIT_VAL<1517>,INIT_VAL<1535>,INIT_VAL<1553>,INIT_VAL<1571>,INIT_VAL<1518>,INIT_VAL<1536>,INIT_VAL<1554>,INIT_VAL<1572>,INIT_VAL<1519>,INIT_VAL<1537>,INIT_VAL<1555>,INIT_VAL<1573>,INIT_VAL<1520>,INIT_VAL<1538>,INIT_VAL<1556>,INIT_VAL<1574>,INIT_VAL<1521>,INIT_VAL<1539>,INIT_VAL<1557>,INIT_VAL<1575>,INIT_VAL<1522>,INIT_VAL<1540>,INIT_VAL<1558>,INIT_VAL<1576>,INIT_VAL<1523>,INIT_VAL<1541>,INIT_VAL<1559>,INIT_VAL<1577>,INIT_VAL<1524>,INIT_VAL<1542>,INIT_VAL<1560>,INIT_VAL<1578>,INIT_VAL<1525>,INIT_VAL<1543>,INIT_VAL<1561>,INIT_VAL<1579>,INIT_VAL<1526>,INIT_VAL<1544>,INIT_VAL<1562>,INIT_VAL<1580>,INIT_VAL<1527>,INIT_VAL<1545>,INIT_VAL<1563>,INIT_VAL<1581>,INIT_VAL<1528>,INIT_VAL<1546>,INIT_VAL<1564>,INIT_VAL<1582>,INIT_VAL<1529>,INIT_VAL<1547>,INIT_VAL<1565>,INIT_VAL<1583>
W22,XXXX,CFG_RMUX7<57>,CFG_RMUX7<56>,CFG_RMUX7<54>,CFG_RMUX7<52>,CFG_RMUX7<50>,CFG_RMUX7<10>,CFG_RMUX7<12>,CFG_RMUX7<14>,CFG_RMUX7<16>,CFG_RMUX7<17>,CFG_RMUX7<37>,CFG_RMUX7<36>,CFG_RMUX7<34>,CFG_RMUX7<32>,CFG_RMUX7<30>,CFG_IMUX5<24>,CFG_IMUX5<26>,CFG_IMUX5<28>,CFG_IMUX5<30>,CFG_IMUX5<32>,CFG_IMUX5<33>,CFG_IMUX5<45>,CFG_IMUX5<44>,CFG_IMUX5<42>,CFG_IMUX5<40>,CFG_IMUX5<38>,CFG_IMUX5<36>,XXXX,XXXX,XXXX,XXXX,XXXX,XXXX,XXXX,XXXX,INIT_VAL<1584>,INIT_VAL<1602>,INIT_VAL<1620>,INIT_VAL<1638>,INIT_VAL<1585>,INIT_VAL<1603>,INIT_VAL<1621>,INIT_VAL<1639>,INIT_VAL<1586>,INIT_VAL<1604>,INIT_VAL<1622>,INIT_VAL<1640>,INIT_VAL<1587>,INIT_VAL<1605>,INIT_VAL<1623>,INIT_VAL<1641>,INIT_VAL<1588>,INIT_VAL<1606>,INIT_VAL<1624>,INIT_VAL<1642>,INIT_VAL<1589>,INIT_VAL<1607>,INIT_VAL<1625>,INIT_VAL<1643>,INIT_VAL<1590>,INIT_VAL<1608>,INIT_VAL<1626>,INIT_VAL<1644>,INIT_VAL<1591>,INIT_VAL<1609>,INIT_VAL<1627>,INIT_VAL<1645>,INIT_VAL<1592>,INIT_VAL<1610>,INIT_VAL<1628>,INIT_VAL<1646>,INIT_VAL<1593>,INIT_VAL<1611>,INIT_VAL<1629>,INIT_VAL<1647>,INIT_VAL<1594>,INIT_VAL<1612>,INIT_VAL<1630>,INIT_VAL<1648>,INIT_VAL<1595>,INIT_VAL<1613>,INIT_VAL<1631>,INIT_VAL<1649>,INIT_VAL<1596>,INIT_VAL<1614>,INIT_VAL<1632>,INIT_VAL<1650>,INIT_VAL<1597>,INIT_VAL<1615>,INIT_VAL<1633>,INIT_VAL<1651>,INIT_VAL<1598>,INIT_VAL<1616>,INIT_VAL<1634>,INIT_VAL<1652>,INIT_VAL<1599>,INIT_VAL<1617>,INIT_VAL<1635>,INIT_VAL<1653>,INIT_VAL<1600>,INIT_VAL<1618>,INIT_VAL<1636>,INIT_VAL<1654>,INIT_VAL<1601>,INIT_VAL<1619>,INIT_VAL<1637>,INIT_VAL<1655>
W23,XXXX,CFG_RMUX7<58>,CFG_RMUX7<59>,CFG_RMUX7<55>,CFG_RMUX7<53>,CFG_RMUX7<51>,CFG_RMUX7<11>,CFG_RMUX7<13>,CFG_RMUX7<15>,CFG_RMUX7<19>,CFG_RMUX7<18>,CFG_RMUX7<38>,CFG_RMUX7<39>,CFG_RMUX7<35>,CFG_RMUX7<33>,CFG_RMUX7<31>,CFG_IMUX5<25>,CFG_IMUX5<27>,CFG_IMUX5<29>,CFG_IMUX5<31>,CFG_IMUX5<35>,CFG_IMUX5<34>,CFG_IMUX5<46>,CFG_IMUX5<47>,CFG_IMUX5<43>,CFG_IMUX5<41>,CFG_IMUX5<39>,CFG_IMUX5<37>,XXXX,XXXX,XXXX,XXXX,XXXX,XXXX,XXXX,XXXX,INIT_VAL<1656>,INIT_VAL<1674>,INIT_VAL<1692>,INIT_VAL<1710>,INIT_VAL<1657>,INIT_VAL<1675>,INIT_VAL<1693>,INIT_VAL<1711>,INIT_VAL<1658>,INIT_VAL<1676>,INIT_VAL<1694>,INIT_VAL<1712>,INIT_VAL<1659>,INIT_VAL<1677>,INIT_VAL<1695>,INIT_VAL<1713>,INIT_VAL<1660>,INIT_VAL<1678>,INIT_VAL<1696>,INIT_VAL<1714>,INIT_VAL<1661>,INIT_VAL<1679>,INIT_VAL<1697>,INIT_VAL<1715>,INIT_VAL<1662>,INIT_VAL<1680>,INIT_VAL<1698>,INIT_VAL<1716>,INIT_VAL<1663>,INIT_VAL<1681>,INIT_VAL<1699>,INIT_VAL<1717>,INIT_VAL<1664>,INIT_VAL<1682>,INIT_VAL<1700>,INIT_VAL<1718>,INIT_VAL<1665>,INIT_VAL<1683>,INIT_VAL<1701>,INIT_VAL<1719>,INIT_VAL<1666>,INIT_VAL<1684>,INIT_VAL<1702>,INIT_VAL<1720>,INIT_VAL<1667>,INIT_VAL<1685>,INIT_VAL<1703>,INIT_VAL<1721>,INIT_VAL<1668>,INIT_VAL<1686>,INIT_VAL<1704>,INIT_VAL<1722>,INIT_VAL<1669>,INIT_VAL<1687>,INIT_VAL<1705>,INIT_VAL<1723>,INIT_VAL<1670>,INIT_VAL<1688>,INIT_VAL<1706>,INIT_VAL<1724>,INIT_VAL<1671>,INIT_VAL<1689>,INIT_VAL<1707>,INIT_VAL<1725>,INIT_VAL<1672>,INIT_VAL<1690>,INIT_VAL<1708>,INIT_VAL<1726>,INIT_VAL<1673>,INIT_VAL<1691>,INIT_VAL<1709>,INIT_VAL<1727>
W24,CFG_SEAMMUX<32>,CFG_RMUX4<17>,CFG_RMUX4<16>,CFG_RMUX4<14>,CFG_RMUX4<12>,CFG_RMUX4<10>,CFG_RMUX4<30>,CFG_RMUX4<32>,CFG_RMUX4<34>,CFG_RMUX4<36>,CFG_RMUX4<37>,CFG_RMUX4<57>,CFG_RMUX4<56>,CFG_RMUX4<54>,CFG_RMUX4<52>,CFG_RMUX4<50>,CFG_IMUX6<0>,CFG_IMUX6<2>,CFG_IMUX6<4>,CFG_IMUX6<6>,CFG_IMUX6<8>,CFG_IMUX6<9>,CFG_IMUX6<21>,CFG_IMUX6<20>,CFG_IMUX6<18>,CFG_IMUX6<16>,CFG_IMUX6<14>,CFG_IMUX6<12>,XXXX,XXXX,XXXX,XXXX,XXXX,XXXX,XXXX,XXXX,INIT_VAL<1728>,INIT_VAL<1746>,INIT_VAL<1764>,INIT_VAL<1782>,INIT_VAL<1729>,INIT_VAL<1747>,INIT_VAL<1765>,INIT_VAL<1783>,INIT_VAL<1730>,INIT_VAL<1748>,INIT_VAL<1766>,INIT_VAL<1784>,INIT_VAL<1731>,INIT_VAL<1749>,INIT_VAL<1767>,INIT_VAL<1785>,INIT_VAL<1732>,INIT_VAL<1750>,INIT_VAL<1768>,INIT_VAL<1786>,INIT_VAL<1733>,INIT_VAL<1751>,INIT_VAL<1769>,INIT_VAL<1787>,INIT_VAL<1734>,INIT_VAL<1752>,INIT_VAL<1770>,INIT_VAL<1788>,INIT_VAL<1735>,INIT_VAL<1753>,INIT_VAL<1771>,INIT_VAL<1789>,INIT_VAL<1736>,INIT_VAL<1754>,INIT_VAL<1772>,INIT_VAL<1790>,INIT_VAL<1737>,INIT_VAL<1755>,INIT_VAL<1773>,INIT_VAL<1791>,INIT_VAL<1738>,INIT_VAL<1756>,INIT_VAL<1774>,INIT_VAL<1792>,INIT_VAL<1739>,INIT_VAL<1757>,INIT_VAL<1775>,INIT_VAL<1793>,INIT_VAL<1740>,INIT_VAL<1758>,INIT_VAL<1776>,INIT_VAL<1794>,INIT_VAL<1741>,INIT_VAL<1759>,INIT_VAL<1777>,INIT_VAL<1795>,INIT_VAL<1742>,INIT_VAL<1760>,INIT_VAL<1778>,INIT_VAL<1796>,INIT_VAL<1743>,INIT_VAL<1761>,INIT_VAL<1779>,INIT_VAL<1797>,INIT_VAL<1744>,INIT_VAL<1762>,INIT_VAL<1780>,INIT_VAL<1798>,INIT_VAL<1745>,INIT_VAL<1763>,INIT_VAL<1781>,INIT_VAL<1799>
W25,CFG_SEAMMUX<33>,CFG_RMUX4<18>,CFG_RMUX4<19>,CFG_RMUX4<15>,CFG_RMUX4<13>,CFG_RMUX4<11>,CFG_RMUX4<31>,CFG_RMUX4<33>,CFG_RMUX4<35>,CFG_RMUX4<39>,CFG_RMUX4<38>,CFG_RMUX4<58>,CFG_RMUX4<59>,CFG_RMUX4<55>,CFG_RMUX4<53>,CFG_RMUX4<51>,CFG_IMUX6<1>,CFG_IMUX6<3>,CFG_IMUX6<5>,CFG_IMUX6<7>,CFG_IMUX6<11>,CFG_IMUX6<10>,CFG_IMUX6<22>,CFG_IMUX6<23>,CFG_IMUX6<19>,CFG_IMUX6<17>,CFG_IMUX6<15>,CFG_IMUX6<13>,XXXX,XXXX,XXXX,XXXX,XXXX,XXXX,XXXX,XXXX,INIT_VAL<1800>,INIT_VAL<1818>,INIT_VAL<1836>,INIT_VAL<1854>,INIT_VAL<1801>,INIT_VAL<1819>,INIT_VAL<1837>,INIT_VAL<1855>,INIT_VAL<1802>,INIT_VAL<1820>,INIT_VAL<1838>,INIT_VAL<1856>,INIT_VAL<1803>,INIT_VAL<1821>,INIT_VAL<1839>,INIT_VAL<1857>,INIT_VAL<1804>,INIT_VAL<1822>,INIT_VAL<1840>,INIT_VAL<1858>,INIT_VAL<1805>,INIT_VAL<1823>,INIT_VAL<1841>,INIT_VAL<1859>,INIT_VAL<1806>,INIT_VAL<1824>,INIT_VAL<1842>,INIT_VAL<1860>,INIT_VAL<1807>,INIT_VAL<1825>,INIT_VAL<1843>,INIT_VAL<1861>,INIT_VAL<1808>,INIT_VAL<1826>,INIT_VAL<1844>,INIT_VAL<1862>,INIT_VAL<1809>,INIT_VAL<1827>,INIT_VAL<1845>,INIT_VAL<1863>,INIT_VAL<1810>,INIT_VAL<1828>,INIT_VAL<1846>,INIT_VAL<1864>,INIT_VAL<1811>,INIT_VAL<1829>,INIT_VAL<1847>,INIT_VAL<1865>,INIT_VAL<1812>,INIT_VAL<1830>,INIT_VAL<1848>,INIT_VAL<1866>,INIT_VAL<1813>,INIT_VAL<1831>,INIT_VAL<1849>,INIT_VAL<1867>,INIT_VAL<1814>,INIT_VAL<1832>,INIT_VAL<1850>,INIT_VAL<1868>,INIT_VAL<1815>,INIT_VAL<1833>,INIT_VAL<1851>,INIT_VAL<1869>,INIT_VAL<1816>,INIT_VAL<1834>,INIT_VAL<1852>,INIT_VAL<1870>,INIT_VAL<1817>,INIT_VAL<1835>,INIT_VAL<1853>,INIT_VAL<1871>
W26,CFG_SEAMMUX<34>,CFG_RMUX5<17>,CFG_RMUX5<16>,CFG_RMUX5<14>,CFG_RMUX5<12>,CFG_RMUX5<10>,CFG_RMUX5<30>,CFG_RMUX5<32>,CFG_RMUX5<34>,CFG_RMUX5<36>,CFG_RMUX5<37>,CFG_RMUX5<57>,CFG_RMUX5<56>,CFG_RMUX5<54>,CFG_RMUX5<52>,CFG_RMUX5<50>,CFG_IMUX6<24>,CFG_IMUX6<26>,CFG_IMUX6<28>,CFG_IMUX6<30>,CFG_IMUX6<32>,CFG_IMUX6<33>,CFG_IMUX6<45>,CFG_IMUX6<44>,CFG_IMUX6<42>,CFG_IMUX6<40>,CFG_IMUX6<38>,CFG_IMUX6<36>,XXXX,XXXX,XXXX,XXXX,XXXX,XXXX,XXXX,XXXX,INIT_VAL<1872>,INIT_VAL<1890>,INIT_VAL<1908>,INIT_VAL<1926>,INIT_VAL<1873>,INIT_VAL<1891>,INIT_VAL<1909>,INIT_VAL<1927>,INIT_VAL<1874>,INIT_VAL<1892>,INIT_VAL<1910>,INIT_VAL<1928>,INIT_VAL<1875>,INIT_VAL<1893>,INIT_VAL<1911>,INIT_VAL<1929>,INIT_VAL<1876>,INIT_VAL<1894>,INIT_VAL<1912>,INIT_VAL<1930>,INIT_VAL<1877>,INIT_VAL<1895>,INIT_VAL<1913>,INIT_VAL<1931>,INIT_VAL<1878>,INIT_VAL<1896>,INIT_VAL<1914>,INIT_VAL<1932>,INIT_VAL<1879>,INIT_VAL<1897>,INIT_VAL<1915>,INIT_VAL<1933>,INIT_VAL<1880>,INIT_VAL<1898>,INIT_VAL<1916>,INIT_VAL<1934>,INIT_VAL<1881>,INIT_VAL<1899>,INIT_VAL<1917>,INIT_VAL<1935>,INIT_VAL<1882>,INIT_VAL<1900>,INIT_VAL<1918>,INIT_VAL<1936>,INIT_VAL<1883>,INIT_VAL<1901>,INIT_VAL<1919>,INIT_VAL<1937>,INIT_VAL<1884>,INIT_VAL<1902>,INIT_VAL<1920>,INIT_VAL<1938>,INIT_VAL<1885>,INIT_VAL<1903>,INIT_VAL<1921>,INIT_VAL<1939>,INIT_VAL<1886>,INIT_VAL<1904>,INIT_VAL<1922>,INIT_VAL<1940>,INIT_VAL<1887>,INIT_VAL<1905>,INIT_VAL<1923>,INIT_VAL<1941>,INIT_VAL<1888>,INIT_VAL<1906>,INIT_VAL<1924>,INIT_VAL<1942>,INIT_VAL<1889>,INIT_VAL<1907>,INIT_VAL<1925>,INIT_VAL<1943>
W27,CFG_SEAMMUX<35>,CFG_RMUX5<18>,CFG_RMUX5<19>,CFG_RMUX5<15>,CFG_RMUX5<13>,CFG_RMUX5<11>,CFG_RMUX5<31>,CFG_RMUX5<33>,CFG_RMUX5<35>,CFG_RMUX5<39>,CFG_RMUX5<38>,CFG_RMUX5<58>,CFG_RMUX5<59>,CFG_RMUX5<55>,CFG_RMUX5<53>,CFG_RMUX5<51>,CFG_IMUX6<25>,CFG_IMUX6<27>,CFG_IMUX6<29>,CFG_IMUX6<31>,CFG_IMUX6<35>,CFG_IMUX6<34>,CFG_IMUX6<46>,CFG_IMUX6<47>,CFG_IMUX6<43>,CFG_IMUX6<41>,CFG_IMUX6<39>,CFG_IMUX6<37>,XXXX,XXXX,XXXX,XXXX,XXXX,XXXX,XXXX,XXXX,INIT_VAL<1944>,INIT_VAL<1962>,INIT_VAL<1980>,INIT_VAL<1998>,INIT_VAL<1945>,INIT_VAL<1963>,INIT_VAL<1981>,INIT_VAL<1999>,INIT_VAL<1946>,INIT_VAL<1964>,INIT_VAL<1982>,INIT_VAL<2000>,INIT_VAL<1947>,INIT_VAL<1965>,INIT_VAL<1983>,INIT_VAL<2001>,INIT_VAL<1948>,INIT_VAL<1966>,INIT_VAL<1984>,INIT_VAL<2002>,INIT_VAL<1949>,INIT_VAL<1967>,INIT_VAL<1985>,INIT_VAL<2003>,INIT_VAL<1950>,INIT_VAL<1968>,INIT_VAL<1986>,INIT_VAL<2004>,INIT_VAL<1951>,INIT_VAL<1969>,INIT_VAL<1987>,INIT_VAL<2005>,INIT_VAL<1952>,INIT_VAL<1970>,INIT_VAL<1988>,INIT_VAL<2006>,INIT_VAL<1953>,INIT_VAL<1971>,INIT_VAL<1989>,INIT_VAL<2007>,INIT_VAL<1954>,INIT_VAL<1972>,INIT_VAL<1990>,INIT_VAL<2008>,INIT_VAL<1955>,INIT_VAL<1973>,INIT_VAL<1991>,INIT_VAL<2009>,INIT_VAL<1956>,INIT_VAL<1974>,INIT_VAL<1992>,INIT_VAL<2010>,INIT_VAL<1957>,INIT_VAL<1975>,INIT_VAL<1993>,INIT_VAL<2011>,INIT_VAL<1958>,INIT_VAL<1976>,INIT_VAL<1994>,INIT_VAL<2012>,INIT_VAL<1959>,INIT_VAL<1977>,INIT_VAL<1995>,INIT_VAL<2013>,INIT_VAL<1960>,INIT_VAL<1978>,INIT_VAL<1996>,INIT_VAL<2014>,INIT_VAL<1961>,INIT_VAL<1979>,INIT_VAL<1997>,INIT_VAL<2015>
W28,CFG_SEAMMUX<36>,CFG_RMUX6<47>,CFG_RMUX6<46>,CFG_RMUX6<44>,CFG_RMUX6<42>,CFG_RMUX6<40>,CFG_RMUX6<0>,CFG_RMUX6<2>,CFG_RMUX6<4>,CFG_RMUX6<6>,CFG_RMUX6<7>,CFG_RMUX6<27>,CFG_RMUX6<26>,CFG_RMUX6<24>,CFG_RMUX6<22>,CFG_RMUX6<20>,CFG_IMUX7<0>,CFG_IMUX7<2>,CFG_IMUX7<4>,CFG_IMUX7<6>,CFG_IMUX7<8>,CFG_IMUX7<9>,CFG_IMUX7<21>,CFG_IMUX7<20>,CFG_IMUX7<18>,CFG_IMUX7<16>,CFG_IMUX7<14>,CFG_IMUX7<12>,XXXX,XXXX,XXXX,XXXX,XXXX,XXXX,XXXX,XXXX,INIT_VAL<2016>,INIT_VAL<2034>,INIT_VAL<2052>,INIT_VAL<2070>,INIT_VAL<2017>,INIT_VAL<2035>,INIT_VAL<2053>,INIT_VAL<2071>,INIT_VAL<2018>,INIT_VAL<2036>,INIT_VAL<2054>,INIT_VAL<2072>,INIT_VAL<2019>,INIT_VAL<2037>,INIT_VAL<2055>,INIT_VAL<2073>,INIT_VAL<2020>,INIT_VAL<2038>,INIT_VAL<2056>,INIT_VAL<2074>,INIT_VAL<2021>,INIT_VAL<2039>,INIT_VAL<2057>,INIT_VAL<2075>,INIT_VAL<2022>,INIT_VAL<2040>,INIT_VAL<2058>,INIT_VAL<2076>,INIT_VAL<2023>,INIT_VAL<2041>,INIT_VAL<2059>,INIT_VAL<2077>,INIT_VAL<2024>,INIT_VAL<2042>,INIT_VAL<2060>,INIT_VAL<2078>,INIT_VAL<2025>,INIT_VAL<2043>,INIT_VAL<2061>,INIT_VAL<2079>,INIT_VAL<2026>,INIT_VAL<2044>,INIT_VAL<2062>,INIT_VAL<2080>,INIT_VAL<2027>,INIT_VAL<2045>,INIT_VAL<2063>,INIT_VAL<2081>,INIT_VAL<2028>,INIT_VAL<2046>,INIT_VAL<2064>,INIT_VAL<2082>,INIT_VAL<2029>,INIT_VAL<2047>,INIT_VAL<2065>,INIT_VAL<2083>,INIT_VAL<2030>,INIT_VAL<2048>,INIT_VAL<2066>,INIT_VAL<2084>,INIT_VAL<2031>,INIT_VAL<2049>,INIT_VAL<2067>,INIT_VAL<2085>,INIT_VAL<2032>,INIT_VAL<2050>,INIT_VAL<2068>,INIT_VAL<2086>,INIT_VAL<2033>,INIT_VAL<2051>,INIT_VAL<2069>,INIT_VAL<2087>
W29,CFG_SEAMMUX<37>,CFG_RMUX6<48>,CFG_RMUX6<49>,CFG_RMUX6<45>,CFG_RMUX6<43>,CFG_RMUX6<41>,CFG_RMUX6<1>,CFG_RMUX6<3>,CFG_RMUX6<5>,CFG_RMUX6<9>,CFG_RMUX6<8>,CFG_RMUX6<28>,CFG_RMUX6<29>,CFG_RMUX6<25>,CFG_RMUX6<23>,CFG_RMUX6<21>,CFG_IMUX7<1>,CFG_IMUX7<3>,CFG_IMUX7<5>,CFG_IMUX7<7>,CFG_IMUX7<11>,CFG_IMUX7<10>,CFG_IMUX7<22>,CFG_IMUX7<23>,CFG_IMUX7<19>,CFG_IMUX7<17>,CFG_IMUX7<15>,CFG_IMUX7<13>,XXXX,XXXX,XXXX,XXXX,XXXX,XXXX,XXXX,XXXX,INIT_VAL<2088>,INIT_VAL<2106>,INIT_VAL<2124>,INIT_VAL<2142>,INIT_VAL<2089>,INIT_VAL<2107>,INIT_VAL<2125>,INIT_VAL<2143>,INIT_VAL<2090>,INIT_VAL<2108>,INIT_VAL<2126>,INIT_VAL<2144>,INIT_VAL<2091>,INIT_VAL<2109>,INIT_VAL<2127>,INIT_VAL<2145>,INIT_VAL<2092>,INIT_VAL<2110>,INIT_VAL<2128>,INIT_VAL<2146>,INIT_VAL<2093>,INIT_VAL<2111>,INIT_VAL<2129>,INIT_VAL<2147>,INIT_VAL<2094>,INIT_VAL<2112>,INIT_VAL<2130>,INIT_VAL<2148>,INIT_VAL<2095>,INIT_VAL<2113>,INIT_VAL<2131>,INIT_VAL<2149>,INIT_VAL<2096>,INIT_VAL<2114>,INIT_VAL<2132>,INIT_VAL<2150>,INIT_VAL<2097>,INIT_VAL<2115>,INIT_VAL<2133>,INIT_VAL<2151>,INIT_VAL<2098>,INIT_VAL<2116>,INIT_VAL<2134>,INIT_VAL<2152>,INIT_VAL<2099>,INIT_VAL<2117>,INIT_VAL<2135>,INIT_VAL<2153>,INIT_VAL<2100>,INIT_VAL<2118>,INIT_VAL<2136>,INIT_VAL<2154>,INIT_VAL<2101>,INIT_VAL<2119>,INIT_VAL<2137>,INIT_VAL<2155>,INIT_VAL<2102>,INIT_VAL<2120>,INIT_VAL<2138>,INIT_VAL<2156>,INIT_VAL<2103>,INIT_VAL<2121>,INIT_VAL<2139>,INIT_VAL<2157>,INIT_VAL<2104>,INIT_VAL<2122>,INIT_VAL<2140>,INIT_VAL<2158>,INIT_VAL<2105>,INIT_VAL<2123>,INIT_VAL<2141>,INIT_VAL<2159>
W30,CFG_SEAMMUX<38>,CFG_RMUX7<47>,CFG_RMUX7<46>,CFG_RMUX7<44>,CFG_RMUX7<42>,CFG_RMUX7<40>,CFG_RMUX7<0>,CFG_RMUX7<2>,CFG_RMUX7<4>,CFG_RMUX7<6>,CFG_RMUX7<7>,CFG_RMUX7<27>,CFG_RMUX7<26>,CFG_RMUX7<24>,CFG_RMUX7<22>,CFG_RMUX7<20>,CFG_IMUX7<24>,CFG_IMUX7<26>,CFG_IMUX7<28>,CFG_IMUX7<30>,CFG_IMUX7<32>,CFG_IMUX7<33>,CFG_IMUX7<45>,CFG_IMUX7<44>,CFG_IMUX7<42>,CFG_IMUX7<40>,CFG_IMUX7<38>,CFG_IMUX7<36>,XXXX,XXXX,CFG_SEL_WRTHU_A,XXXX,XXXX,XXXX,XXXX,XXXX,INIT_VAL<2160>,INIT_VAL<2178>,INIT_VAL<2196>,INIT_VAL<2214>,INIT_VAL<2161>,INIT_VAL<2179>,INIT_VAL<2197>,INIT_VAL<2215>,INIT_VAL<2162>,INIT_VAL<2180>,INIT_VAL<2198>,INIT_VAL<2216>,INIT_VAL<2163>,INIT_VAL<2181>,INIT_VAL<2199>,INIT_VAL<2217>,INIT_VAL<2164>,INIT_VAL<2182>,INIT_VAL<2200>,INIT_VAL<2218>,INIT_VAL<2165>,INIT_VAL<2183>,INIT_VAL<2201>,INIT_VAL<2219>,INIT_VAL<2166>,INIT_VAL<2184>,INIT_VAL<2202>,INIT_VAL<2220>,INIT_VAL<2167>,INIT_VAL<2185>,INIT_VAL<2203>,INIT_VAL<2221>,INIT_VAL<2168>,INIT_VAL<2186>,INIT_VAL<2204>,INIT_VAL<2222>,INIT_VAL<2169>,INIT_VAL<2187>,INIT_VAL<2205>,INIT_VAL<2223>,INIT_VAL<2170>,INIT_VAL<2188>,INIT_VAL<2206>,INIT_VAL<2224>,INIT_VAL<2171>,INIT_VAL<2189>,INIT_VAL<2207>,INIT_VAL<2225>,INIT_VAL<2172>,INIT_VAL<2190>,INIT_VAL<2208>,INIT_VAL<2226>,INIT_VAL<2173>,INIT_VAL<2191>,INIT_VAL<2209>,INIT_VAL<2227>,INIT_VAL<2174>,INIT_VAL<2192>,INIT_VAL<2210>,INIT_VAL<2228>,INIT_VAL<2175>,INIT_VAL<2193>,INIT_VAL<2211>,INIT_VAL<2229>,INIT_VAL<2176>,INIT_VAL<2194>,INIT_VAL<2212>,INIT_VAL<2230>,INIT_VAL<2177>,INIT_VAL<2195>,INIT_VAL<2213>,INIT_VAL<2231>
W31,CFG_SEAMMUX<39>,CFG_RMUX7<48>,CFG_RMUX7<49>,CFG_RMUX7<45>,CFG_RMUX7<43>,CFG_RMUX7<41>,CFG_RMUX7<1>,CFG_RMUX7<3>,CFG_RMUX7<5>,CFG_RMUX7<9>,CFG_RMUX7<8>,CFG_RMUX7<28>,CFG_RMUX7<29>,CFG_RMUX7<25>,CFG_RMUX7<23>,CFG_RMUX7<21>,CFG_IMUX7<25>,CFG_IMUX7<27>,CFG_IMUX7<29>,CFG_IMUX7<31>,CFG_IMUX7<35>,CFG_IMUX7<34>,CFG_IMUX7<46>,CFG_IMUX7<47>,CFG_IMUX7<43>,CFG_IMUX7<41>,CFG_IMUX7<39>,CFG_IMUX7<37>,XXXX,XXXX,XXXX,XXXX,XXXX,XXXX,XXXX,XXXX,INIT_VAL<2232>,INIT_VAL<2250>,INIT_VAL<2268>,INIT_VAL<2286>,INIT_VAL<2233>,INIT_VAL<2251>,INIT_VAL<2269>,INIT_VAL<2287>,INIT_VAL<2234>,INIT_VAL<2252>,INIT_VAL<2270>,INIT_VAL<2288>,INIT_VAL<2235>,INIT_VAL<2253>,INIT_VAL<2271>,INIT_VAL<2289>,INIT_VAL<2236>,INIT_VAL<2254>,INIT_VAL<2272>,INIT_VAL<2290>,INIT_VAL<2237>,INIT_VAL<2255>,INIT_VAL<2273>,INIT_VAL<2291>,INIT_VAL<2238>,INIT_VAL<2256>,INIT_VAL<2274>,INIT_VAL<2292>,INIT_VAL<2239>,INIT_VAL<2257>,INIT_VAL<2275>,INIT_VAL<2293>,INIT_VAL<2240>,INIT_VAL<2258>,INIT_VAL<2276>,INIT_VAL<2294>,INIT_VAL<2241>,INIT_VAL<2259>,INIT_VAL<2277>,INIT_VAL<2295>,INIT_VAL<2242>,INIT_VAL<2260>,INIT_VAL<2278>,INIT_VAL<2296>,INIT_VAL<2243>,INIT_VAL<2261>,INIT_VAL<2279>,INIT_VAL<2297>,INIT_VAL<2244>,INIT_VAL<2262>,INIT_VAL<2280>,INIT_VAL<2298>,INIT_VAL<2245>,INIT_VAL<2263>,INIT_VAL<2281>,INIT_VAL<2299>,INIT_VAL<2246>,INIT_VAL<2264>,INIT_VAL<2282>,INIT_VAL<2300>,INIT_VAL<2247>,INIT_VAL<2265>,INIT_VAL<2283>,INIT_VAL<2301>,INIT_VAL<2248>,INIT_VAL<2266>,INIT_VAL<2284>,INIT_VAL<2302>,INIT_VAL<2249>,INIT_VAL<2267>,INIT_VAL<2285>,INIT_VAL<2303>
W32,XXXX,CFG_SEAMMUX<0>,CFG_SEAMMUX<1>,CFG_SEAMMUX<2>,CFG_SEAMMUX<3>,CFG_SEAMMUX<4>,CFG_SEAMMUX<5>,CFG_SEAMMUX<6>,CFG_SEAMMUX<7>,CFG_SEAMMUX<16>,CFG_SEAMMUX<17>,CFG_SEAMMUX<19>,CFG_SEAMMUX<20>,CFG_SEAMMUX<21>,CFG_SEAMMUX<22>,CFG_SEAMMUX<23>,CFG_CTRLMUX<0>,CFG_CTRLMUX<2>,CFG_CTRLMUX<4>,CFG_CTRLMUX<6>,CFG_CTRLMUX<11>,CFG_CTRLMUX<10>,CFG_CTRLMUX<22>,CFG_CTRLMUX<23>,CFG_CTRLMUX<18>,CFG_CTRLMUX<16>,CFG_CTRLMUX<14>,CFG_CTRLMUX<12>,CFG_TILEASYNCMUX<2>,CFG_TILEASYNCMUX<1>,CFG_TILEASYNCMUX<0>,CFG_TILEASYNCMUX<3>,CFG_BRAMCLKMUX<3>,CFG_BRAMCLKMUX<0>,CFG_BRAMCLKMUX<1>,CFG_BRAMCLKMUX<2>,XXXX,XXXX,XXXX,XXXX,XXXX,XXXX,XXXX,XXXX,XXXX,XXXX,XXXX,XXXX,XXXX,XXXX,XXXX,XXXX,XXXX,XXXX,XXXX,XXXX,XXXX,XXXX,XXXX,XXXX,XXXX,XXXX,XXXX,XXXX,XXXX,XXXX,XXXX,XXXX,XXXX,XXXX,XXXX,XXXX,XXXX,XXXX,XXXX,XXXX,XXXX,XXXX,XXXX,XXXX,XXXX,XXXX,XXXX,XXXX,XXXX,XXXX,XXXX,XXXX,XXXX,XXXX,XXXX,XXXX,XXXX,XXXX,XXXX,XXXX,XXXX,XXXX,XXXX,XXXX,XXXX,XXXX,XXXX,XXXX,XXXX,XXXX,XXXX,XXXX
W33,XXXX,XXXX,XXXX,XXXX,XXXX,XXXX,XXXX,XXXX,XXXX,XXXX,XXXX,XXXX,XXXX,XXXX,CFG_SEAMMUX<18>,XXXX,CFG_CTRLMUX<1>,CFG_CTRLMUX<3>,CFG_CTRLMUX<5>,CFG_CTRLMUX<7>,CFG_CTRLMUX<9>,CFG_CTRLMUX<8>,CFG_CTRLMUX<20>,CFG_CTRLMUX<21>,CFG_CTRLMUX<19>,CFG_CTRLMUX<17>,CFG_CTRLMUX<15>,CFG_CTRLMUX<13>,CFG_TILECLKENMUX<1>,CFG_TILECLKENMUX<0>,CFG_TILECLKENMUX<2>,XXXX,CFG_TILEWERENMUX<3>,CFG_TILEWERENMUX<0>,CFG_TILEWERENMUX<1>,CFG_TILEWERENMUX<2>,XXXX,XXXX,XXXX,XXXX,XXXX,XXXX,XXXX,XXXX,XXXX,XXXX,XXXX,XXXX,XXXX,XXXX,XXXX,XXXX,XXXX,XXXX,XXXX,XXXX,XXXX,XXXX,XXXX,XXXX,XXXX,XXXX,XXXX,XXXX,XXXX,XXXX,XXXX,XXXX,XXXX,XXXX,XXXX,XXXX,XXXX,XXXX,XXXX,XXXX,XXXX,XXXX,XXXX,XXXX,XXXX,XXXX,XXXX,XXXX,XXXX,XXXX,XXXX,XXXX,XXXX,XXXX,XXXX,XXXX,XXXX,XXXX,XXXX,XXXX,XXXX,XXXX,XXXX,XXXX,XXXX,XXXX,XXXX,XXXX,XXXX,XXXX,XXXX,XXXX
W34,XXXX,XXXX,XXXX,XXXX,XXXX,XXXX,XXXX,XXXX,XXXX,XXXX,XXXX,XXXX,XXXX,XXXX,CFG_SEAMMUX<26>,XXXX,CFG_CTRLMUX<25>,CFG_CTRLMUX<27>,CFG_CTRLMUX<29>,CFG_CTRLMUX<31>,CFG_CTRLMUX<33>,CFG_CTRLMUX<32>,CFG_CTRLMUX<44>,CFG_CTRLMUX<45>,CFG_CTRLMUX<43>,CFG_CTRLMUX<41>,CFG_CTRLMUX<39>,CFG_CTRLMUX<37>,CFG_TILECLKENMUX<4>,CFG_TILECLKENMUX<3>,CFG_TILECLKENMUX<5>,CFG_CLKMODE,CFG_TILEWERENMUX<7>,CFG_TILEWERENMUX<4>,CFG_TILEWERENMUX<5>,CFG_TILEWERENMUX<6>,XXXX,XXXX,XXXX,XXXX,XXXX,XXXX,XXXX,XXXX,XXXX,XXXX,XXXX,XXXX,XXXX,XXXX,XXXX,XXXX,XXXX,XXXX,XXXX,XXXX,XXXX,XXXX,XXXX,XXXX,XXXX,XXXX,XXXX,XXXX,XXXX,XXXX,XXXX,XXXX,XXXX,XXXX,XXXX,XXXX,XXXX,XXXX,XXXX,XXXX,XXXX,XXXX,XXXX,XXXX,XXXX,XXXX,XXXX,XXXX,XXXX,XXXX,XXXX,XXXX,XXXX,XXXX,XXXX,XXXX,XXXX,XXXX,XXXX,XXXX,XXXX,XXXX,XXXX,XXXX,XXXX,XXXX,XXXX,XXXX,XXXX,XXXX,XXXX,XXXX
W35,XXXX,CFG_SEAMMUX<8>,CFG_SEAMMUX<9>,CFG_SEAMMUX<10>,CFG_SEAMMUX<11>,CFG_SEAMMUX<12>,CFG_SEAMMUX<13>,CFG_SEAMMUX<14>,CFG_SEAMMUX<15>,CFG_SEAMMUX<24>,CFG_SEAMMUX<25>,CFG_SEAMMUX<27>,CFG_SEAMMUX<28>,CFG_SEAMMUX<29>,CFG_SEAMMUX<30>,CFG_SEAMMUX<31>,CFG_CTRLMUX<24>,CFG_CTRLMUX<26>,CFG_CTRLMUX<28>,CFG_CTRLMUX<30>,CFG_CTRLMUX<35>,CFG_CTRLMUX<34>,CFG_CTRLMUX<46>,CFG_CTRLMUX<47>,CFG_CTRLMUX<42>,CFG_CTRLMUX<40>,CFG_CTRLMUX<38>,CFG_CTRLMUX<36>,CFG_TILEASYNCMUX<6>,CFG_TILEASYNCMUX<5>,CFG_TILEASYNCMUX<4>,CFG_TILEASYNCMUX<7>,CFG_BRAMCLKMUX<7>,CFG_BRAMCLKMUX<4>,CFG_BRAMCLKMUX<5>,CFG_BRAMCLKMUX<6>,XXXX,XXXX,XXXX,XXXX,XXXX,XXXX,XXXX,XXXX,XXXX,XXXX,XXXX,XXXX,XXXX,XXXX,XXXX,XXXX,XXXX,XXXX,XXXX,XXXX,XXXX,XXXX,XXXX,XXXX,XXXX,XXXX,XXXX,XXXX,XXXX,XXXX,XXXX,XXXX,XXXX,XXXX,XXXX,XXXX,XXXX,XXXX,XXXX,XXXX,XXXX,XXXX,XXXX,XXXX,XXXX,XXXX,XXXX,XXXX,XXXX,XXXX,XXXX,XXXX,XXXX,XXXX,XXXX,XXXX,XXXX,XXXX,XXXX,XXXX,XXXX,XXXX,XXXX,XXXX,XXXX,XXXX,XXXX,XXXX,XXXX,XXXX,XXXX,XXXX
W36,CFG_SEAMMUX<47>,CFG_RMUX8<7>,CFG_RMUX8<6>,CFG_RMUX8<4>,CFG_RMUX8<2>,CFG_RMUX8<0>,CFG_RMUX8<20>,CFG_RMUX8<22>,CFG_RMUX8<24>,CFG_RMUX8<26>,CFG_RMUX8<27>,CFG_RMUX8<47>,CFG_RMUX8<46>,CFG_RMUX8<44>,CFG_RMUX8<42>,CFG_RMUX8<40>,CFG_IMUX8<0>,CFG_IMUX8<2>,CFG_IMUX8<4>,CFG_IMUX8<6>,CFG_IMUX8<8>,CFG_IMUX8<9>,CFG_IMUX8<21>,CFG_IMUX8<20>,CFG_IMUX8<18>,CFG_IMUX8<16>,CFG_IMUX8<14>,CFG_IMUX8<12>,XXXX,XXXX,CFG_SEL_PORTMODE,XXXX,XXXX,XXXX,XXXX,XXXX,INIT_VAL<2304>,INIT_VAL<2322>,INIT_VAL<2340>,INIT_VAL<2358>,INIT_VAL<2305>,INIT_VAL<2323>,INIT_VAL<2341>,INIT_VAL<2359>,INIT_VAL<2306>,INIT_VAL<2324>,INIT_VAL<2342>,INIT_VAL<2360>,INIT_VAL<2307>,INIT_VAL<2325>,INIT_VAL<2343>,INIT_VAL<2361>,INIT_VAL<2308>,INIT_VAL<2326>,INIT_VAL<2344>,INIT_VAL<2362>,INIT_VAL<2309>,INIT_VAL<2327>,INIT_VAL<2345>,INIT_VAL<2363>,INIT_VAL<2310>,INIT_VAL<2328>,INIT_VAL<2346>,INIT_VAL<2364>,INIT_VAL<2311>,INIT_VAL<2329>,INIT_VAL<2347>,INIT_VAL<2365>,INIT_VAL<2312>,INIT_VAL<2330>,INIT_VAL<2348>,INIT_VAL<2366>,INIT_VAL<2313>,INIT_VAL<2331>,INIT_VAL<2349>,INIT_VAL<2367>,INIT_VAL<2314>,INIT_VAL<2332>,INIT_VAL<2350>,INIT_VAL<2368>,INIT_VAL<2315>,INIT_VAL<2333>,INIT_VAL<2351>,INIT_VAL<2369>,INIT_VAL<2316>,INIT_VAL<2334>,INIT_VAL<2352>,INIT_VAL<2370>,INIT_VAL<2317>,INIT_VAL<2335>,INIT_VAL<2353>,INIT_VAL<2371>,INIT_VAL<2318>,INIT_VAL<2336>,INIT_VAL<2354>,INIT_VAL<2372>,INIT_VAL<2319>,INIT_VAL<2337>,INIT_VAL<2355>,INIT_VAL<2373>,INIT_VAL<2320>,INIT_VAL<2338>,INIT_VAL<2356>,INIT_VAL<2374>,INIT_VAL<2321>,INIT_VAL<2339>,INIT_VAL<2357>,INIT_VAL<2375>
W37,CFG_SEAMMUX<46>,CFG_RMUX8<8>,CFG_RMUX8<9>,CFG_RMUX8<5>,CFG_RMUX8<3>,CFG_RMUX8<1>,CFG_RMUX8<21>,CFG_RMUX8<23>,CFG_RMUX8<25>,CFG_RMUX8<29>,CFG_RMUX8<28>,CFG_RMUX8<48>,CFG_RMUX8<49>,CFG_RMUX8<45>,CFG_RMUX8<43>,CFG_RMUX8<41>,CFG_IMUX8<1>,CFG_IMUX8<3>,CFG_IMUX8<5>,CFG_IMUX8<7>,CFG_IMUX8<11>,CFG_IMUX8<10>,CFG_IMUX8<22>,CFG_IMUX8<23>,CFG_IMUX8<19>,CFG_IMUX8<17>,CFG_IMUX8<15>,CFG_IMUX8<13>,XXXX,XXXX,CFG_SEL_WRTHU_B,XXXX,XXXX,XXXX,XXXX,XXXX,INIT_VAL<2376>,INIT_VAL<2394>,INIT_VAL<2412>,INIT_VAL<2430>,INIT_VAL<2377>,INIT_VAL<2395>,INIT_VAL<2413>,INIT_VAL<2431>,INIT_VAL<2378>,INIT_VAL<2396>,INIT_VAL<2414>,INIT_VAL<2432>,INIT_VAL<2379>,INIT_VAL<2397>,INIT_VAL<2415>,INIT_VAL<2433>,INIT_VAL<2380>,INIT_VAL<2398>,INIT_VAL<2416>,INIT_VAL<2434>,INIT_VAL<2381>,INIT_VAL<2399>,INIT_VAL<2417>,INIT_VAL<2435>,INIT_VAL<2382>,INIT_VAL<2400>,INIT_VAL<2418>,INIT_VAL<2436>,INIT_VAL<2383>,INIT_VAL<2401>,INIT_VAL<2419>,INIT_VAL<2437>,INIT_VAL<2384>,INIT_VAL<2402>,INIT_VAL<2420>,INIT_VAL<2438>,INIT_VAL<2385>,INIT_VAL<2403>,INIT_VAL<2421>,INIT_VAL<2439>,INIT_VAL<2386>,INIT_VAL<2404>,INIT_VAL<2422>,INIT_VAL<2440>,INIT_VAL<2387>,INIT_VAL<2405>,INIT_VAL<2423>,INIT_VAL<2441>,INIT_VAL<2388>,INIT_VAL<2406>,INIT_VAL<2424>,INIT_VAL<2442>,INIT_VAL<2389>,INIT_VAL<2407>,INIT_VAL<2425>,INIT_VAL<2443>,INIT_VAL<2390>,INIT_VAL<2408>,INIT_VAL<2426>,INIT_VAL<2444>,INIT_VAL<2391>,INIT_VAL<2409>,INIT_VAL<2427>,INIT_VAL<2445>,INIT_VAL<2392>,INIT_VAL<2410>,INIT_VAL<2428>,INIT_VAL<2446>,INIT_VAL<2393>,INIT_VAL<2411>,INIT_VAL<2429>,INIT_VAL<2447>
W38,CFG_SEAMMUX<45>,CFG_RMUX9<7>,CFG_RMUX9<6>,CFG_RMUX9<4>,CFG_RMUX9<2>,CFG_RMUX9<0>,CFG_RMUX9<20>,CFG_RMUX9<22>,CFG_RMUX9<24>,CFG_RMUX9<26>,CFG_RMUX9<27>,CFG_RMUX9<47>,CFG_RMUX9<46>,CFG_RMUX9<44>,CFG_RMUX9<42>,CFG_RMUX9<40>,CFG_IMUX8<24>,CFG_IMUX8<26>,CFG_IMUX8<28>,CFG_IMUX8<30>,CFG_IMUX8<32>,CFG_IMUX8<33>,CFG_IMUX8<45>,CFG_IMUX8<44>,CFG_IMUX8<42>,CFG_IMUX8<40>,CFG_IMUX8<38>,CFG_IMUX8<36>,XXXX,XXXX,XXXX,XXXX,XXXX,XXXX,XXXX,XXXX,INIT_VAL<2448>,INIT_VAL<2466>,INIT_VAL<2484>,INIT_VAL<2502>,INIT_VAL<2449>,INIT_VAL<2467>,INIT_VAL<2485>,INIT_VAL<2503>,INIT_VAL<2450>,INIT_VAL<2468>,INIT_VAL<2486>,INIT_VAL<2504>,INIT_VAL<2451>,INIT_VAL<2469>,INIT_VAL<2487>,INIT_VAL<2505>,INIT_VAL<2452>,INIT_VAL<2470>,INIT_VAL<2488>,INIT_VAL<2506>,INIT_VAL<2453>,INIT_VAL<2471>,INIT_VAL<2489>,INIT_VAL<2507>,INIT_VAL<2454>,INIT_VAL<2472>,INIT_VAL<2490>,INIT_VAL<2508>,INIT_VAL<2455>,INIT_VAL<2473>,INIT_VAL<2491>,INIT_VAL<2509>,INIT_VAL<2456>,INIT_VAL<2474>,INIT_VAL<2492>,INIT_VAL<2510>,INIT_VAL<2457>,INIT_VAL<2475>,INIT_VAL<2493>,INIT_VAL<2511>,INIT_VAL<2458>,INIT_VAL<2476>,INIT_VAL<2494>,INIT_VAL<2512>,INIT_VAL<2459>,INIT_VAL<2477>,INIT_VAL<2495>,INIT_VAL<2513>,INIT_VAL<2460>,INIT_VAL<2478>,INIT_VAL<2496>,INIT_VAL<2514>,INIT_VAL<2461>,INIT_VAL<2479>,INIT_VAL<2497>,INIT_VAL<2515>,INIT_VAL<2462>,INIT_VAL<2480>,INIT_VAL<2498>,INIT_VAL<2516>,INIT_VAL<2463>,INIT_VAL<2481>,INIT_VAL<2499>,INIT_VAL<2517>,INIT_VAL<2464>,INIT_VAL<2482>,INIT_VAL<2500>,INIT_VAL<2518>,INIT_VAL<2465>,INIT_VAL<2483>,INIT_VAL<2501>,INIT_VAL<2519>
W39,CFG_SEAMMUX<44>,CFG_RMUX9<8>,CFG_RMUX9<9>,CFG_RMUX9<5>,CFG_RMUX9<3>,CFG_RMUX9<1>,CFG_RMUX9<21>,CFG_RMUX9<23>,CFG_RMUX9<25>,CFG_RMUX9<29>,CFG_RMUX9<28>,CFG_RMUX9<48>,CFG_RMUX9<49>,CFG_RMUX9<45>,CFG_RMUX9<43>,CFG_RMUX9<41>,CFG_IMUX8<25>,CFG_IMUX8<27>,CFG_IMUX8<29>,CFG_IMUX8<31>,CFG_IMUX8<35>,CFG_IMUX8<34>,CFG_IMUX8<46>,CFG_IMUX8<47>,CFG_IMUX8<43>,CFG_IMUX8<41>,CFG_IMUX8<39>,CFG_IMUX8<37>,XXXX,XXXX,XXXX,XXXX,XXXX,XXXX,XXXX,XXXX,INIT_VAL<2520>,INIT_VAL<2538>,INIT_VAL<2556>,INIT_VAL<2574>,INIT_VAL<2521>,INIT_VAL<2539>,INIT_VAL<2557>,INIT_VAL<2575>,INIT_VAL<2522>,INIT_VAL<2540>,INIT_VAL<2558>,INIT_VAL<2576>,INIT_VAL<2523>,INIT_VAL<2541>,INIT_VAL<2559>,INIT_VAL<2577>,INIT_VAL<2524>,INIT_VAL<2542>,INIT_VAL<2560>,INIT_VAL<2578>,INIT_VAL<2525>,INIT_VAL<2543>,INIT_VAL<2561>,INIT_VAL<2579>,INIT_VAL<2526>,INIT_VAL<2544>,INIT_VAL<2562>,INIT_VAL<2580>,INIT_VAL<2527>,INIT_VAL<2545>,INIT_VAL<2563>,INIT_VAL<2581>,INIT_VAL<2528>,INIT_VAL<2546>,INIT_VAL<2564>,INIT_VAL<2582>,INIT_VAL<2529>,INIT_VAL<2547>,INIT_VAL<2565>,INIT_VAL<2583>,INIT_VAL<2530>,INIT_VAL<2548>,INIT_VAL<2566>,INIT_VAL<2584>,INIT_VAL<2531>,INIT_VAL<2549>,INIT_VAL<2567>,INIT_VAL<2585>,INIT_VAL<2532>,INIT_VAL<2550>,INIT_VAL<2568>,INIT_VAL<2586>,INIT_VAL<2533>,INIT_VAL<2551>,INIT_VAL<2569>,INIT_VAL<2587>,INIT_VAL<2534>,INIT_VAL<2552>,INIT_VAL<2570>,INIT_VAL<2588>,INIT_VAL<2535>,INIT_VAL<2553>,INIT_VAL<2571>,INIT_VAL<2589>,INIT_VAL<2536>,INIT_VAL<2554>,INIT_VAL<2572>,INIT_VAL<2590>,INIT_VAL<2537>,INIT_VAL<2555>,INIT_VAL<2573>,INIT_VAL<2591>
W40,CFG_SEAMMUX<43>,CFG_RMUX10<57>,CFG_RMUX10<56>,CFG_RMUX10<54>,CFG_RMUX10<52>,CFG_RMUX10<50>,CFG_RMUX10<10>,CFG_RMUX10<12>,CFG_RMUX10<14>,CFG_RMUX10<16>,CFG_RMUX10<17>,CFG_RMUX10<37>,CFG_RMUX10<36>,CFG_RMUX10<34>,CFG_RMUX10<32>,CFG_RMUX10<30>,CFG_IMUX9<0>,CFG_IMUX9<2>,CFG_IMUX9<4>,CFG_IMUX9<6>,CFG_IMUX9<8>,CFG_IMUX9<9>,CFG_IMUX9<21>,CFG_IMUX9<20>,CFG_IMUX9<18>,CFG_IMUX9<16>,CFG_IMUX9<14>,CFG_IMUX9<12>,XXXX,XXXX,XXXX,XXXX,XXXX,XXXX,XXXX,XXXX,INIT_VAL<2592>,INIT_VAL<2610>,INIT_VAL<2628>,INIT_VAL<2646>,INIT_VAL<2593>,INIT_VAL<2611>,INIT_VAL<2629>,INIT_VAL<2647>,INIT_VAL<2594>,INIT_VAL<2612>,INIT_VAL<2630>,INIT_VAL<2648>,INIT_VAL<2595>,INIT_VAL<2613>,INIT_VAL<2631>,INIT_VAL<2649>,INIT_VAL<2596>,INIT_VAL<2614>,INIT_VAL<2632>,INIT_VAL<2650>,INIT_VAL<2597>,INIT_VAL<2615>,INIT_VAL<2633>,INIT_VAL<2651>,INIT_VAL<2598>,INIT_VAL<2616>,INIT_VAL<2634>,INIT_VAL<2652>,INIT_VAL<2599>,INIT_VAL<2617>,INIT_VAL<2635>,INIT_VAL<2653>,INIT_VAL<2600>,INIT_VAL<2618>,INIT_VAL<2636>,INIT_VAL<2654>,INIT_VAL<2601>,INIT_VAL<2619>,INIT_VAL<2637>,INIT_VAL<2655>,INIT_VAL<2602>,INIT_VAL<2620>,INIT_VAL<2638>,INIT_VAL<2656>,INIT_VAL<2603>,INIT_VAL<2621>,INIT_VAL<2639>,INIT_VAL<2657>,INIT_VAL<2604>,INIT_VAL<2622>,INIT_VAL<2640>,INIT_VAL<2658>,INIT_VAL<2605>,INIT_VAL<2623>,INIT_VAL<2641>,INIT_VAL<2659>,INIT_VAL<2606>,INIT_VAL<2624>,INIT_VAL<2642>,INIT_VAL<2660>,INIT_VAL<2607>,INIT_VAL<2625>,INIT_VAL<2643>,INIT_VAL<2661>,INIT_VAL<2608>,INIT_VAL<2626>,INIT_VAL<2644>,INIT_VAL<2662>,INIT_VAL<2609>,INIT_VAL<2627>,INIT_VAL<2645>,INIT_VAL<2663>
W41,CFG_SEAMMUX<42>,CFG_RMUX10<58>,CFG_RMUX10<59>,CFG_RMUX10<55>,CFG_RMUX10<53>,CFG_RMUX10<51>,CFG_RMUX10<11>,CFG_RMUX10<13>,CFG_RMUX10<15>,CFG_RMUX10<19>,CFG_RMUX10<18>,CFG_RMUX10<38>,CFG_RMUX10<39>,CFG_RMUX10<35>,CFG_RMUX10<33>,CFG_RMUX10<31>,CFG_IMUX9<1>,CFG_IMUX9<3>,CFG_IMUX9<5>,CFG_IMUX9<7>,CFG_IMUX9<11>,CFG_IMUX9<10>,CFG_IMUX9<22>,CFG_IMUX9<23>,CFG_IMUX9<19>,CFG_IMUX9<17>,CFG_IMUX9<15>,CFG_IMUX9<13>,XXXX,XXXX,XXXX,XXXX,XXXX,XXXX,XXXX,XXXX,INIT_VAL<2664>,INIT_VAL<2682>,INIT_VAL<2700>,INIT_VAL<2718>,INIT_VAL<2665>,INIT_VAL<2683>,INIT_VAL<2701>,INIT_VAL<2719>,INIT_VAL<2666>,INIT_VAL<2684>,INIT_VAL<2702>,INIT_VAL<2720>,INIT_VAL<2667>,INIT_VAL<2685>,INIT_VAL<2703>,INIT_VAL<2721>,INIT_VAL<2668>,INIT_VAL<2686>,INIT_VAL<2704>,INIT_VAL<2722>,INIT_VAL<2669>,INIT_VAL<2687>,INIT_VAL<2705>,INIT_VAL<2723>,INIT_VAL<2670>,INIT_VAL<2688>,INIT_VAL<2706>,INIT_VAL<2724>,INIT_VAL<2671>,INIT_VAL<2689>,INIT_VAL<2707>,INIT_VAL<2725>,INIT_VAL<2672>,INIT_VAL<2690>,INIT_VAL<2708>,INIT_VAL<2726>,INIT_VAL<2673>,INIT_VAL<2691>,INIT_VAL<2709>,INIT_VAL<2727>,INIT_VAL<2674>,INIT_VAL<2692>,INIT_VAL<2710>,INIT_VAL<2728>,INIT_VAL<2675>,INIT_VAL<2693>,INIT_VAL<2711>,INIT_VAL<2729>,INIT_VAL<2676>,INIT_VAL<2694>,INIT_VAL<2712>,INIT_VAL<2730>,INIT_VAL<2677>,INIT_VAL<2695>,INIT_VAL<2713>,INIT_VAL<2731>,INIT_VAL<2678>,INIT_VAL<2696>,INIT_VAL<2714>,INIT_VAL<2732>,INIT_VAL<2679>,INIT_VAL<2697>,INIT_VAL<2715>,INIT_VAL<2733>,INIT_VAL<2680>,INIT_VAL<2698>,INIT_VAL<2716>,INIT_VAL<2734>,INIT_VAL<2681>,INIT_VAL<2699>,INIT_VAL<2717>,INIT_VAL<2735>
W42,CFG_SEAMMUX<41>,CFG_RMUX11<57>,CFG_RMUX11<56>,CFG_RMUX11<54>,CFG_RMUX11<52>,CFG_RMUX11<50>,CFG_RMUX11<10>,CFG_RMUX11<12>,CFG_RMUX11<14>,CFG_RMUX11<16>,CFG_RMUX11<17>,CFG_RMUX11<37>,CFG_RMUX11<36>,CFG_RMUX11<34>,CFG_RMUX11<32>,CFG_RMUX11<30>,CFG_IMUX9<24>,CFG_IMUX9<26>,CFG_IMUX9<28>,CFG_IMUX9<30>,CFG_IMUX9<32>,CFG_IMUX9<33>,CFG_IMUX9<45>,CFG_IMUX9<44>,CFG_IMUX9<42>,CFG_IMUX9<40>,CFG_IMUX9<38>,CFG_IMUX9<36>,XXXX,XXXX,XXXX,XXXX,XXXX,XXXX,XXXX,XXXX,INIT_VAL<2736>,INIT_VAL<2754>,INIT_VAL<2772>,INIT_VAL<2790>,INIT_VAL<2737>,INIT_VAL<2755>,INIT_VAL<2773>,INIT_VAL<2791>,INIT_VAL<2738>,INIT_VAL<2756>,INIT_VAL<2774>,INIT_VAL<2792>,INIT_VAL<2739>,INIT_VAL<2757>,INIT_VAL<2775>,INIT_VAL<2793>,INIT_VAL<2740>,INIT_VAL<2758>,INIT_VAL<2776>,INIT_VAL<2794>,INIT_VAL<2741>,INIT_VAL<2759>,INIT_VAL<2777>,INIT_VAL<2795>,INIT_VAL<2742>,INIT_VAL<2760>,INIT_VAL<2778>,INIT_VAL<2796>,INIT_VAL<2743>,INIT_VAL<2761>,INIT_VAL<2779>,INIT_VAL<2797>,INIT_VAL<2744>,INIT_VAL<2762>,INIT_VAL<2780>,INIT_VAL<2798>,INIT_VAL<2745>,INIT_VAL<2763>,INIT_VAL<2781>,INIT_VAL<2799>,INIT_VAL<2746>,INIT_VAL<2764>,INIT_VAL<2782>,INIT_VAL<2800>,INIT_VAL<2747>,INIT_VAL<2765>,INIT_VAL<2783>,INIT_VAL<2801>,INIT_VAL<2748>,INIT_VAL<2766>,INIT_VAL<2784>,INIT_VAL<2802>,INIT_VAL<2749>,INIT_VAL<2767>,INIT_VAL<2785>,INIT_VAL<2803>,INIT_VAL<2750>,INIT_VAL<2768>,INIT_VAL<2786>,INIT_VAL<2804>,INIT_VAL<2751>,INIT_VAL<2769>,INIT_VAL<2787>,INIT_VAL<2805>,INIT_VAL<2752>,INIT_VAL<2770>,INIT_VAL<2788>,INIT_VAL<2806>,INIT_VAL<2753>,INIT_VAL<2771>,INIT_VAL<2789>,INIT_VAL<2807>
W43,CFG_SEAMMUX<40>,CFG_RMUX11<58>,CFG_RMUX11<59>,CFG_RMUX11<55>,CFG_RMUX11<53>,CFG_RMUX11<51>,CFG_RMUX11<11>,CFG_RMUX11<13>,CFG_RMUX11<15>,CFG_RMUX11<19>,CFG_RMUX11<18>,CFG_RMUX11<38>,CFG_RMUX11<39>,CFG_RMUX11<35>,CFG_RMUX11<33>,CFG_RMUX11<31>,CFG_IMUX9<25>,CFG_IMUX9<27>,CFG_IMUX9<29>,CFG_IMUX9<31>,CFG_IMUX9<35>,CFG_IMUX9<34>,CFG_IMUX9<46>,CFG_IMUX9<47>,CFG_IMUX9<43>,CFG_IMUX9<41>,CFG_IMUX9<39>,CFG_IMUX9<37>,XXXX,XXXX,XXXX,XXXX,XXXX,XXXX,XXXX,XXXX,INIT_VAL<2808>,INIT_VAL<2826>,INIT_VAL<2844>,INIT_VAL<2862>,INIT_VAL<2809>,INIT_VAL<2827>,INIT_VAL<2845>,INIT_VAL<2863>,INIT_VAL<2810>,INIT_VAL<2828>,INIT_VAL<2846>,INIT_VAL<2864>,INIT_VAL<2811>,INIT_VAL<2829>,INIT_VAL<2847>,INIT_VAL<2865>,INIT_VAL<2812>,INIT_VAL<2830>,INIT_VAL<2848>,INIT_VAL<2866>,INIT_VAL<2813>,INIT_VAL<2831>,INIT_VAL<2849>,INIT_VAL<2867>,INIT_VAL<2814>,INIT_VAL<2832>,INIT_VAL<2850>,INIT_VAL<2868>,INIT_VAL<2815>,INIT_VAL<2833>,INIT_VAL<2851>,INIT_VAL<2869>,INIT_VAL<2816>,INIT_VAL<2834>,INIT_VAL<2852>,INIT_VAL<2870>,INIT_VAL<2817>,INIT_VAL<2835>,INIT_VAL<2853>,INIT_VAL<2871>,INIT_VAL<2818>,INIT_VAL<2836>,INIT_VAL<2854>,INIT_VAL<2872>,INIT_VAL<2819>,INIT_VAL<2837>,INIT_VAL<2855>,INIT_VAL<2873>,INIT_VAL<2820>,INIT_VAL<2838>,INIT_VAL<2856>,INIT_VAL<2874>,INIT_VAL<2821>,INIT_VAL<2839>,INIT_VAL<2857>,INIT_VAL<2875>,INIT_VAL<2822>,INIT_VAL<2840>,INIT_VAL<2858>,INIT_VAL<2876>,INIT_VAL<2823>,INIT_VAL<2841>,INIT_VAL<2859>,INIT_VAL<2877>,INIT_VAL<2824>,INIT_VAL<2842>,INIT_VAL<2860>,INIT_VAL<2878>,INIT_VAL<2825>,INIT_VAL<2843>,INIT_VAL<2861>,INIT_VAL<2879>
W44,XXXX,CFG_RMUX8<17>,CFG_RMUX8<16>,CFG_RMUX8<14>,CFG_RMUX8<12>,CFG_RMUX8<10>,CFG_RMUX8<30>,CFG_RMUX8<32>,CFG_RMUX8<34>,CFG_RMUX8<36>,CFG_RMUX8<37>,CFG_RMUX8<57>,CFG_RMUX8<56>,CFG_RMUX8<54>,CFG_RMUX8<52>,CFG_RMUX8<50>,CFG_IMUX10<0>,CFG_IMUX10<2>,CFG_IMUX10<4>,CFG_IMUX10<6>,CFG_IMUX10<8>,CFG_IMUX10<9>,CFG_IMUX10<21>,CFG_IMUX10<20>,CFG_IMUX10<18>,CFG_IMUX10<16>,CFG_IMUX10<14>,CFG_IMUX10<12>,XXXX,XXXX,XXXX,XXXX,XXXX,XXXX,XXXX,XXXX,INIT_VAL<2880>,INIT_VAL<2898>,INIT_VAL<2916>,INIT_VAL<2934>,INIT_VAL<2881>,INIT_VAL<2899>,INIT_VAL<2917>,INIT_VAL<2935>,INIT_VAL<2882>,INIT_VAL<2900>,INIT_VAL<2918>,INIT_VAL<2936>,INIT_VAL<2883>,INIT_VAL<2901>,INIT_VAL<2919>,INIT_VAL<2937>,INIT_VAL<2884>,INIT_VAL<2902>,INIT_VAL<2920>,INIT_VAL<2938>,INIT_VAL<2885>,INIT_VAL<2903>,INIT_VAL<2921>,INIT_VAL<2939>,INIT_VAL<2886>,INIT_VAL<2904>,INIT_VAL<2922>,INIT_VAL<2940>,INIT_VAL<2887>,INIT_VAL<2905>,INIT_VAL<2923>,INIT_VAL<2941>,INIT_VAL<2888>,INIT_VAL<2906>,INIT_VAL<2924>,INIT_VAL<2942>,INIT_VAL<2889>,INIT_VAL<2907>,INIT_VAL<2925>,INIT_VAL<2943>,INIT_VAL<2890>,INIT_VAL<2908>,INIT_VAL<2926>,INIT_VAL<2944>,INIT_VAL<2891>,INIT_VAL<2909>,INIT_VAL<2927>,INIT_VAL<2945>,INIT_VAL<2892>,INIT_VAL<2910>,INIT_VAL<2928>,INIT_VAL<2946>,INIT_VAL<2893>,INIT_VAL<2911>,INIT_VAL<2929>,INIT_VAL<2947>,INIT_VAL<2894>,INIT_VAL<2912>,INIT_VAL<2930>,INIT_VAL<2948>,INIT_VAL<2895>,INIT_VAL<2913>,INIT_VAL<2931>,INIT_VAL<2949>,INIT_VAL<2896>,INIT_VAL<2914>,INIT_VAL<2932>,INIT_VAL<2950>,INIT_VAL<2897>,INIT_VAL<2915>,INIT_VAL<2933>,INIT_VAL<2951>
W45,XXXX,CFG_RMUX8<18>,CFG_RMUX8<19>,CFG_RMUX8<15>,CFG_RMUX8<13>,CFG_RMUX8<11>,CFG_RMUX8<31>,CFG_RMUX8<33>,CFG_RMUX8<35>,CFG_RMUX8<39>,CFG_RMUX8<38>,CFG_RMUX8<58>,CFG_RMUX8<59>,CFG_RMUX8<55>,CFG_RMUX8<53>,CFG_RMUX8<51>,CFG_IMUX10<1>,CFG_IMUX10<3>,CFG_IMUX10<5>,CFG_IMUX10<7>,CFG_IMUX10<11>,CFG_IMUX10<10>,CFG_IMUX10<22>,CFG_IMUX10<23>,CFG_IMUX10<19>,CFG_IMUX10<17>,CFG_IMUX10<15>,CFG_IMUX10<13>,XXXX,XXXX,XXXX,XXXX,XXXX,XXXX,XXXX,XXXX,INIT_VAL<2952>,INIT_VAL<2970>,INIT_VAL<2988>,INIT_VAL<3006>,INIT_VAL<2953>,INIT_VAL<2971>,INIT_VAL<2989>,INIT_VAL<3007>,INIT_VAL<2954>,INIT_VAL<2972>,INIT_VAL<2990>,INIT_VAL<3008>,INIT_VAL<2955>,INIT_VAL<2973>,INIT_VAL<2991>,INIT_VAL<3009>,INIT_VAL<2956>,INIT_VAL<2974>,INIT_VAL<2992>,INIT_VAL<3010>,INIT_VAL<2957>,INIT_VAL<2975>,INIT_VAL<2993>,INIT_VAL<3011>,INIT_VAL<2958>,INIT_VAL<2976>,INIT_VAL<2994>,INIT_VAL<3012>,INIT_VAL<2959>,INIT_VAL<2977>,INIT_VAL<2995>,INIT_VAL<3013>,INIT_VAL<2960>,INIT_VAL<2978>,INIT_VAL<2996>,INIT_VAL<3014>,INIT_VAL<2961>,INIT_VAL<2979>,INIT_VAL<2997>,INIT_VAL<3015>,INIT_VAL<2962>,INIT_VAL<2980>,INIT_VAL<2998>,INIT_VAL<3016>,INIT_VAL<2963>,INIT_VAL<2981>,INIT_VAL<2999>,INIT_VAL<3017>,INIT_VAL<2964>,INIT_VAL<2982>,INIT_VAL<3000>,INIT_VAL<3018>,INIT_VAL<2965>,INIT_VAL<2983>,INIT_VAL<3001>,INIT_VAL<3019>,INIT_VAL<2966>,INIT_VAL<2984>,INIT_VAL<3002>,INIT_VAL<3020>,INIT_VAL<2967>,INIT_VAL<2985>,INIT_VAL<3003>,INIT_VAL<3021>,INIT_VAL<2968>,INIT_VAL<2986>,INIT_VAL<3004>,INIT_VAL<3022>,INIT_VAL<2969>,INIT_VAL<2987>,INIT_VAL<3005>,INIT_VAL<3023>
W46,XXXX,CFG_RMUX9<17>,CFG_RMUX9<16>,CFG_RMUX9<14>,CFG_RMUX9<12>,CFG_RMUX9<10>,CFG_RMUX9<30>,CFG_RMUX9<32>,CFG_RMUX9<34>,CFG_RMUX9<36>,CFG_RMUX9<37>,CFG_RMUX9<57>,CFG_RMUX9<56>,CFG_RMUX9<54>,CFG_RMUX9<52>,CFG_RMUX9<50>,CFG_IMUX10<24>,CFG_IMUX10<26>,CFG_IMUX10<28>,CFG_IMUX10<30>,CFG_IMUX10<32>,CFG_IMUX10<33>,CFG_IMUX10<45>,CFG_IMUX10<44>,CFG_IMUX10<42>,CFG_IMUX10<40>,CFG_IMUX10<38>,CFG_IMUX10<36>,XXXX,XXXX,XXXX,XXXX,XXXX,XXXX,XXXX,XXXX,INIT_VAL<3024>,INIT_VAL<3042>,INIT_VAL<3060>,INIT_VAL<3078>,INIT_VAL<3025>,INIT_VAL<3043>,INIT_VAL<3061>,INIT_VAL<3079>,INIT_VAL<3026>,INIT_VAL<3044>,INIT_VAL<3062>,INIT_VAL<3080>,INIT_VAL<3027>,INIT_VAL<3045>,INIT_VAL<3063>,INIT_VAL<3081>,INIT_VAL<3028>,INIT_VAL<3046>,INIT_VAL<3064>,INIT_VAL<3082>,INIT_VAL<3029>,INIT_VAL<3047>,INIT_VAL<3065>,INIT_VAL<3083>,INIT_VAL<3030>,INIT_VAL<3048>,INIT_VAL<3066>,INIT_VAL<3084>,INIT_VAL<3031>,INIT_VAL<3049>,INIT_VAL<3067>,INIT_VAL<3085>,INIT_VAL<3032>,INIT_VAL<3050>,INIT_VAL<3068>,INIT_VAL<3086>,INIT_VAL<3033>,INIT_VAL<3051>,INIT_VAL<3069>,INIT_VAL<3087>,INIT_VAL<3034>,INIT_VAL<3052>,INIT_VAL<3070>,INIT_VAL<3088>,INIT_VAL<3035>,INIT_VAL<3053>,INIT_VAL<3071>,INIT_VAL<3089>,INIT_VAL<3036>,INIT_VAL<3054>,INIT_VAL<3072>,INIT_VAL<3090>,INIT_VAL<3037>,INIT_VAL<3055>,INIT_VAL<3073>,INIT_VAL<3091>,INIT_VAL<3038>,INIT_VAL<3056>,INIT_VAL<3074>,INIT_VAL<3092>,INIT_VAL<3039>,INIT_VAL<3057>,INIT_VAL<3075>,INIT_VAL<3093>,INIT_VAL<3040>,INIT_VAL<3058>,INIT_VAL<3076>,INIT_VAL<3094>,INIT_VAL<3041>,INIT_VAL<3059>,INIT_VAL<3077>,INIT_VAL<3095>
W47,XXXX,CFG_RMUX9<18>,CFG_RMUX9<19>,CFG_RMUX9<15>,CFG_RMUX9<13>,CFG_RMUX9<11>,CFG_RMUX9<31>,CFG_RMUX9<33>,CFG_RMUX9<35>,CFG_RMUX9<39>,CFG_RMUX9<38>,CFG_RMUX9<58>,CFG_RMUX9<59>,CFG_RMUX9<55>,CFG_RMUX9<53>,CFG_RMUX9<51>,CFG_IMUX10<25>,CFG_IMUX10<27>,CFG_IMUX10<29>,CFG_IMUX10<31>,CFG_IMUX10<35>,CFG_IMUX10<34>,CFG_IMUX10<46>,CFG_IMUX10<47>,CFG_IMUX10<43>,CFG_IMUX10<41>,CFG_IMUX10<39>,CFG_IMUX10<37>,XXXX,XXXX,XXXX,XXXX,XXXX,XXXX,XXXX,XXXX,INIT_VAL<3096>,INIT_VAL<3114>,INIT_VAL<3132>,INIT_VAL<3150>,INIT_VAL<3097>,INIT_VAL<3115>,INIT_VAL<3133>,INIT_VAL<3151>,INIT_VAL<3098>,INIT_VAL<3116>,INIT_VAL<3134>,INIT_VAL<3152>,INIT_VAL<3099>,INIT_VAL<3117>,INIT_VAL<3135>,INIT_VAL<3153>,INIT_VAL<3100>,INIT_VAL<3118>,INIT_VAL<3136>,INIT_VAL<3154>,INIT_VAL<3101>,INIT_VAL<3119>,INIT_VAL<3137>,INIT_VAL<3155>,INIT_VAL<3102>,INIT_VAL<3120>,INIT_VAL<3138>,INIT_VAL<3156>,INIT_VAL<3103>,INIT_VAL<3121>,INIT_VAL<3139>,INIT_VAL<3157>,INIT_VAL<3104>,INIT_VAL<3122>,INIT_VAL<3140>,INIT_VAL<3158>,INIT_VAL<3105>,INIT_VAL<3123>,INIT_VAL<3141>,INIT_VAL<3159>,INIT_VAL<3106>,INIT_VAL<3124>,INIT_VAL<3142>,INIT_VAL<3160>,INIT_VAL<3107>,INIT_VAL<3125>,INIT_VAL<3143>,INIT_VAL<3161>,INIT_VAL<3108>,INIT_VAL<3126>,INIT_VAL<3144>,INIT_VAL<3162>,INIT_VAL<3109>,INIT_VAL<3127>,INIT_VAL<3145>,INIT_VAL<3163>,INIT_VAL<3110>,INIT_VAL<3128>,INIT_VAL<3146>,INIT_VAL<3164>,INIT_VAL<3111>,INIT_VAL<3129>,INIT_VAL<3147>,INIT_VAL<3165>,INIT_VAL<3112>,INIT_VAL<3130>,INIT_VAL<3148>,INIT_VAL<3166>,INIT_VAL<3113>,INIT_VAL<3131>,INIT_VAL<3149>,INIT_VAL<3167>
W48,XXXX,CFG_RMUX10<47>,CFG_RMUX10<46>,CFG_RMUX10<44>,CFG_RMUX10<42>,CFG_RMUX10<40>,CFG_RMUX10<0>,CFG_RMUX10<2>,CFG_RMUX10<4>,CFG_RMUX10<6>,CFG_RMUX10<7>,CFG_RMUX10<27>,CFG_RMUX10<26>,CFG_RMUX10<24>,CFG_RMUX10<22>,CFG_RMUX10<20>,CFG_IMUX11<0>,CFG_IMUX11<2>,CFG_IMUX11<4>,CFG_IMUX11<6>,CFG_IMUX11<8>,CFG_IMUX11<9>,CFG_IMUX11<21>,CFG_IMUX11<20>,CFG_IMUX11<18>,CFG_IMUX11<16>,CFG_IMUX11<14>,CFG_IMUX11<12>,XXXX,XXXX,XXXX,XXXX,XXXX,XXXX,XXXX,XXXX,INIT_VAL<3168>,INIT_VAL<3186>,INIT_VAL<3204>,INIT_VAL<3222>,INIT_VAL<3169>,INIT_VAL<3187>,INIT_VAL<3205>,INIT_VAL<3223>,INIT_VAL<3170>,INIT_VAL<3188>,INIT_VAL<3206>,INIT_VAL<3224>,INIT_VAL<3171>,INIT_VAL<3189>,INIT_VAL<3207>,INIT_VAL<3225>,INIT_VAL<3172>,INIT_VAL<3190>,INIT_VAL<3208>,INIT_VAL<3226>,INIT_VAL<3173>,INIT_VAL<3191>,INIT_VAL<3209>,INIT_VAL<3227>,INIT_VAL<3174>,INIT_VAL<3192>,INIT_VAL<3210>,INIT_VAL<3228>,INIT_VAL<3175>,INIT_VAL<3193>,INIT_VAL<3211>,INIT_VAL<3229>,INIT_VAL<3176>,INIT_VAL<3194>,INIT_VAL<3212>,INIT_VAL<3230>,INIT_VAL<3177>,INIT_VAL<3195>,INIT_VAL<3213>,INIT_VAL<3231>,INIT_VAL<3178>,INIT_VAL<3196>,INIT_VAL<3214>,INIT_VAL<3232>,INIT_VAL<3179>,INIT_VAL<3197>,INIT_VAL<3215>,INIT_VAL<3233>,INIT_VAL<3180>,INIT_VAL<3198>,INIT_VAL<3216>,INIT_VAL<3234>,INIT_VAL<3181>,INIT_VAL<3199>,INIT_VAL<3217>,INIT_VAL<3235>,INIT_VAL<3182>,INIT_VAL<3200>,INIT_VAL<3218>,INIT_VAL<3236>,INIT_VAL<3183>,INIT_VAL<3201>,INIT_VAL<3219>,INIT_VAL<3237>,INIT_VAL<3184>,INIT_VAL<3202>,INIT_VAL<3220>,INIT_VAL<3238>,INIT_VAL<3185>,INIT_VAL<3203>,INIT_VAL<3221>,INIT_VAL<3239>
W49,XXXX,CFG_RMUX10<48>,CFG_RMUX10<49>,CFG_RMUX10<45>,CFG_RMUX10<43>,CFG_RMUX10<41>,CFG_RMUX10<1>,CFG_RMUX10<3>,CFG_RMUX10<5>,CFG_RMUX10<9>,CFG_RMUX10<8>,CFG_RMUX10<28>,CFG_RMUX10<29>,CFG_RMUX10<25>,CFG_RMUX10<23>,CFG_RMUX10<21>,CFG_IMUX11<1>,CFG_IMUX11<3>,CFG_IMUX11<5>,CFG_IMUX11<7>,CFG_IMUX11<11>,CFG_IMUX11<10>,CFG_IMUX11<22>,CFG_IMUX11<23>,CFG_IMUX11<19>,CFG_IMUX11<17>,CFG_IMUX11<15>,CFG_IMUX11<13>,XXXX,XXXX,XXXX,XXXX,XXXX,XXXX,XXXX,XXXX,INIT_VAL<3240>,INIT_VAL<3258>,INIT_VAL<3276>,INIT_VAL<3294>,INIT_VAL<3241>,INIT_VAL<3259>,INIT_VAL<3277>,INIT_VAL<3295>,INIT_VAL<3242>,INIT_VAL<3260>,INIT_VAL<3278>,INIT_VAL<3296>,INIT_VAL<3243>,INIT_VAL<3261>,INIT_VAL<3279>,INIT_VAL<3297>,INIT_VAL<3244>,INIT_VAL<3262>,INIT_VAL<3280>,INIT_VAL<3298>,INIT_VAL<3245>,INIT_VAL<3263>,INIT_VAL<3281>,INIT_VAL<3299>,INIT_VAL<3246>,INIT_VAL<3264>,INIT_VAL<3282>,INIT_VAL<3300>,INIT_VAL<3247>,INIT_VAL<3265>,INIT_VAL<3283>,INIT_VAL<3301>,INIT_VAL<3248>,INIT_VAL<3266>,INIT_VAL<3284>,INIT_VAL<3302>,INIT_VAL<3249>,INIT_VAL<3267>,INIT_VAL<3285>,INIT_VAL<3303>,INIT_VAL<3250>,INIT_VAL<3268>,INIT_VAL<3286>,INIT_VAL<3304>,INIT_VAL<3251>,INIT_VAL<3269>,INIT_VAL<3287>,INIT_VAL<3305>,INIT_VAL<3252>,INIT_VAL<3270>,INIT_VAL<3288>,INIT_VAL<3306>,INIT_VAL<3253>,INIT_VAL<3271>,INIT_VAL<3289>,INIT_VAL<3307>,INIT_VAL<3254>,INIT_VAL<3272>,INIT_VAL<3290>,INIT_VAL<3308>,INIT_VAL<3255>,INIT_VAL<3273>,INIT_VAL<3291>,INIT_VAL<3309>,INIT_VAL<3256>,INIT_VAL<3274>,INIT_VAL<3292>,INIT_VAL<3310>,INIT_VAL<3257>,INIT_VAL<3275>,INIT_VAL<3293>,INIT_VAL<3311>
W50,XXXX,CFG_RMUX11<47>,CFG_RMUX11<46>,CFG_RMUX11<44>,CFG_RMUX11<42>,CFG_RMUX11<40>,CFG_RMUX11<0>,CFG_RMUX11<2>,CFG_RMUX11<4>,CFG_RMUX11<6>,CFG_RMUX11<7>,CFG_RMUX11<27>,CFG_RMUX11<26>,CFG_RMUX11<24>,CFG_RMUX11<22>,CFG_RMUX11<20>,CFG_IMUX11<24>,CFG_IMUX11<26>,CFG_IMUX11<28>,CFG_IMUX11<30>,CFG_IMUX11<32>,CFG_IMUX11<33>,CFG_IMUX11<45>,CFG_IMUX11<44>,CFG_IMUX11<42>,CFG_IMUX11<40>,CFG_IMUX11<38>,CFG_IMUX11<36>,XXXX,XXXX,CFG_SEL_WKMODE_B,XXXX,XXXX,XXXX,XXXX,XXXX,INIT_VAL<3312>,INIT_VAL<3330>,INIT_VAL<3348>,INIT_VAL<3366>,INIT_VAL<3313>,INIT_VAL<3331>,INIT_VAL<3349>,INIT_VAL<3367>,INIT_VAL<3314>,INIT_VAL<3332>,INIT_VAL<3350>,INIT_VAL<3368>,INIT_VAL<3315>,INIT_VAL<3333>,INIT_VAL<3351>,INIT_VAL<3369>,INIT_VAL<3316>,INIT_VAL<3334>,INIT_VAL<3352>,INIT_VAL<3370>,INIT_VAL<3317>,INIT_VAL<3335>,INIT_VAL<3353>,INIT_VAL<3371>,INIT_VAL<3318>,INIT_VAL<3336>,INIT_VAL<3354>,INIT_VAL<3372>,INIT_VAL<3319>,INIT_VAL<3337>,INIT_VAL<3355>,INIT_VAL<3373>,INIT_VAL<3320>,INIT_VAL<3338>,INIT_VAL<3356>,INIT_VAL<3374>,INIT_VAL<3321>,INIT_VAL<3339>,INIT_VAL<3357>,INIT_VAL<3375>,INIT_VAL<3322>,INIT_VAL<3340>,INIT_VAL<3358>,INIT_VAL<3376>,INIT_VAL<3323>,INIT_VAL<3341>,INIT_VAL<3359>,INIT_VAL<3377>,INIT_VAL<3324>,INIT_VAL<3342>,INIT_VAL<3360>,INIT_VAL<3378>,INIT_VAL<3325>,INIT_VAL<3343>,INIT_VAL<3361>,INIT_VAL<3379>,INIT_VAL<3326>,INIT_VAL<3344>,INIT_VAL<3362>,INIT_VAL<3380>,INIT_VAL<3327>,INIT_VAL<3345>,INIT_VAL<3363>,INIT_VAL<3381>,INIT_VAL<3328>,INIT_VAL<3346>,INIT_VAL<3364>,INIT_VAL<3382>,INIT_VAL<3329>,INIT_VAL<3347>,INIT_VAL<3365>,INIT_VAL<3383>
W51,XXXX,CFG_RMUX11<48>,CFG_RMUX11<49>,CFG_RMUX11<45>,CFG_RMUX11<43>,CFG_RMUX11<41>,CFG_RMUX11<1>,CFG_RMUX11<3>,CFG_RMUX11<5>,CFG_RMUX11<9>,CFG_RMUX11<8>,CFG_RMUX11<28>,CFG_RMUX11<29>,CFG_RMUX11<25>,CFG_RMUX11<23>,CFG_RMUX11<21>,CFG_IMUX11<25>,CFG_IMUX11<27>,CFG_IMUX11<29>,CFG_IMUX11<31>,CFG_IMUX11<35>,CFG_IMUX11<34>,CFG_IMUX11<46>,CFG_IMUX11<47>,CFG_IMUX11<43>,CFG_IMUX11<41>,CFG_IMUX11<39>,CFG_IMUX11<37>,XXXX,XXXX,XXXX,XXXX,XXXX,XXXX,XXXX,XXXX,INIT_VAL<3384>,INIT_VAL<3402>,INIT_VAL<3420>,INIT_VAL<3438>,INIT_VAL<3385>,INIT_VAL<3403>,INIT_VAL<3421>,INIT_VAL<3439>,INIT_VAL<3386>,INIT_VAL<3404>,INIT_VAL<3422>,INIT_VAL<3440>,INIT_VAL<3387>,INIT_VAL<3405>,INIT_VAL<3423>,INIT_VAL<3441>,INIT_VAL<3388>,INIT_VAL<3406>,INIT_VAL<3424>,INIT_VAL<3442>,INIT_VAL<3389>,INIT_VAL<3407>,INIT_VAL<3425>,INIT_VAL<3443>,INIT_VAL<3390>,INIT_VAL<3408>,INIT_VAL<3426>,INIT_VAL<3444>,INIT_VAL<3391>,INIT_VAL<3409>,INIT_VAL<3427>,INIT_VAL<3445>,INIT_VAL<3392>,INIT_VAL<3410>,INIT_VAL<3428>,INIT_VAL<3446>,INIT_VAL<3393>,INIT_VAL<3411>,INIT_VAL<3429>,INIT_VAL<3447>,INIT_VAL<3394>,INIT_VAL<3412>,INIT_VAL<3430>,INIT_VAL<3448>,INIT_VAL<3395>,INIT_VAL<3413>,INIT_VAL<3431>,INIT_VAL<3449>,INIT_VAL<3396>,INIT_VAL<3414>,INIT_VAL<3432>,INIT_VAL<3450>,INIT_VAL<3397>,INIT_VAL<3415>,INIT_VAL<3433>,INIT_VAL<3451>,INIT_VAL<3398>,INIT_VAL<3416>,INIT_VAL<3434>,INIT_VAL<3452>,INIT_VAL<3399>,INIT_VAL<3417>,INIT_VAL<3435>,INIT_VAL<3453>,INIT_VAL<3400>,INIT_VAL<3418>,INIT_VAL<3436>,INIT_VAL<3454>,INIT_VAL<3401>,INIT_VAL<3419>,INIT_VAL<3437>,INIT_VAL<3455>
W52,XXXX,CFG_RMUX12<7>,CFG_RMUX12<6>,CFG_RMUX12<4>,CFG_RMUX12<2>,CFG_RMUX12<0>,CFG_RMUX12<20>,CFG_RMUX12<22>,CFG_RMUX12<24>,CFG_RMUX12<26>,CFG_RMUX12<27>,CFG_RMUX12<47>,CFG_RMUX12<46>,CFG_RMUX12<44>,CFG_RMUX12<42>,CFG_RMUX12<40>,CFG_IMUX12<0>,CFG_IMUX12<2>,CFG_IMUX12<4>,CFG_IMUX12<6>,CFG_IMUX12<8>,CFG_IMUX12<9>,CFG_IMUX12<21>,CFG_IMUX12<20>,CFG_IMUX12<18>,CFG_IMUX12<16>,CFG_IMUX12<14>,CFG_IMUX12<12>,XXXX,XXXX,XXXX,XXXX,XXXX,XXXX,XXXX,XXXX,INIT_VAL<3456>,INIT_VAL<3474>,INIT_VAL<3492>,INIT_VAL<3510>,INIT_VAL<3457>,INIT_VAL<3475>,INIT_VAL<3493>,INIT_VAL<3511>,INIT_VAL<3458>,INIT_VAL<3476>,INIT_VAL<3494>,INIT_VAL<3512>,INIT_VAL<3459>,INIT_VAL<3477>,INIT_VAL<3495>,INIT_VAL<3513>,INIT_VAL<3460>,INIT_VAL<3478>,INIT_VAL<3496>,INIT_VAL<3514>,INIT_VAL<3461>,INIT_VAL<3479>,INIT_VAL<3497>,INIT_VAL<3515>,INIT_VAL<3462>,INIT_VAL<3480>,INIT_VAL<3498>,INIT_VAL<3516>,INIT_VAL<3463>,INIT_VAL<3481>,INIT_VAL<3499>,INIT_VAL<3517>,INIT_VAL<3464>,INIT_VAL<3482>,INIT_VAL<3500>,INIT_VAL<3518>,INIT_VAL<3465>,INIT_VAL<3483>,INIT_VAL<3501>,INIT_VAL<3519>,INIT_VAL<3466>,INIT_VAL<3484>,INIT_VAL<3502>,INIT_VAL<3520>,INIT_VAL<3467>,INIT_VAL<3485>,INIT_VAL<3503>,INIT_VAL<3521>,INIT_VAL<3468>,INIT_VAL<3486>,INIT_VAL<3504>,INIT_VAL<3522>,INIT_VAL<3469>,INIT_VAL<3487>,INIT_VAL<3505>,INIT_VAL<3523>,INIT_VAL<3470>,INIT_VAL<3488>,INIT_VAL<3506>,INIT_VAL<3524>,INIT_VAL<3471>,INIT_VAL<3489>,INIT_VAL<3507>,INIT_VAL<3525>,INIT_VAL<3472>,INIT_VAL<3490>,INIT_VAL<3508>,INIT_VAL<3526>,INIT_VAL<3473>,INIT_VAL<3491>,INIT_VAL<3509>,INIT_VAL<3527>
W53,XXXX,CFG_RMUX12<8>,CFG_RMUX12<9>,CFG_RMUX12<5>,CFG_RMUX12<3>,CFG_RMUX12<1>,CFG_RMUX12<21>,CFG_RMUX12<23>,CFG_RMUX12<25>,CFG_RMUX12<29>,CFG_RMUX12<28>,CFG_RMUX12<48>,CFG_RMUX12<49>,CFG_RMUX12<45>,CFG_RMUX12<43>,CFG_RMUX12<41>,CFG_IMUX12<1>,CFG_IMUX12<3>,CFG_IMUX12<5>,CFG_IMUX12<7>,CFG_IMUX12<11>,CFG_IMUX12<10>,CFG_IMUX12<22>,CFG_IMUX12<23>,CFG_IMUX12<19>,CFG_IMUX12<17>,CFG_IMUX12<15>,CFG_IMUX12<13>,XXXX,XXXX,CFG_DWSEL_B0<0>,XXXX,XXXX,XXXX,XXXX,XXXX,INIT_VAL<3528>,INIT_VAL<3546>,INIT_VAL<3564>,INIT_VAL<3582>,INIT_VAL<3529>,INIT_VAL<3547>,INIT_VAL<3565>,INIT_VAL<3583>,INIT_VAL<3530>,INIT_VAL<3548>,INIT_VAL<3566>,INIT_VAL<3584>,INIT_VAL<3531>,INIT_VAL<3549>,INIT_VAL<3567>,INIT_VAL<3585>,INIT_VAL<3532>,INIT_VAL<3550>,INIT_VAL<3568>,INIT_VAL<3586>,INIT_VAL<3533>,INIT_VAL<3551>,INIT_VAL<3569>,INIT_VAL<3587>,INIT_VAL<3534>,INIT_VAL<3552>,INIT_VAL<3570>,INIT_VAL<3588>,INIT_VAL<3535>,INIT_VAL<3553>,INIT_VAL<3571>,INIT_VAL<3589>,INIT_VAL<3536>,INIT_VAL<3554>,INIT_VAL<3572>,INIT_VAL<3590>,INIT_VAL<3537>,INIT_VAL<3555>,INIT_VAL<3573>,INIT_VAL<3591>,INIT_VAL<3538>,INIT_VAL<3556>,INIT_VAL<3574>,INIT_VAL<3592>,INIT_VAL<3539>,INIT_VAL<3557>,INIT_VAL<3575>,INIT_VAL<3593>,INIT_VAL<3540>,INIT_VAL<3558>,INIT_VAL<3576>,INIT_VAL<3594>,INIT_VAL<3541>,INIT_VAL<3559>,INIT_VAL<3577>,INIT_VAL<3595>,INIT_VAL<3542>,INIT_VAL<3560>,INIT_VAL<3578>,INIT_VAL<3596>,INIT_VAL<3543>,INIT_VAL<3561>,INIT_VAL<3579>,INIT_VAL<3597>,INIT_VAL<3544>,INIT_VAL<3562>,INIT_VAL<3580>,INIT_VAL<3598>,INIT_VAL<3545>,INIT_VAL<3563>,INIT_VAL<3581>,INIT_VAL<3599>
W54,XXXX,CFG_RMUX13<7>,CFG_RMUX13<6>,CFG_RMUX13<4>,CFG_RMUX13<2>,CFG_RMUX13<0>,CFG_RMUX13<20>,CFG_RMUX13<22>,CFG_RMUX13<24>,CFG_RMUX13<26>,CFG_RMUX13<27>,CFG_RMUX13<47>,CFG_RMUX13<46>,CFG_RMUX13<44>,CFG_RMUX13<42>,CFG_RMUX13<40>,CFG_IMUX12<24>,CFG_IMUX12<26>,CFG_IMUX12<28>,CFG_IMUX12<30>,CFG_IMUX12<32>,CFG_IMUX12<33>,CFG_IMUX12<45>,CFG_IMUX12<44>,CFG_IMUX12<42>,CFG_IMUX12<40>,CFG_IMUX12<38>,CFG_IMUX12<36>,XXXX,XXXX,XXXX,XXXX,XXXX,XXXX,XXXX,XXXX,INIT_VAL<3600>,INIT_VAL<3618>,INIT_VAL<3636>,INIT_VAL<3654>,INIT_VAL<3601>,INIT_VAL<3619>,INIT_VAL<3637>,INIT_VAL<3655>,INIT_VAL<3602>,INIT_VAL<3620>,INIT_VAL<3638>,INIT_VAL<3656>,INIT_VAL<3603>,INIT_VAL<3621>,INIT_VAL<3639>,INIT_VAL<3657>,INIT_VAL<3604>,INIT_VAL<3622>,INIT_VAL<3640>,INIT_VAL<3658>,INIT_VAL<3605>,INIT_VAL<3623>,INIT_VAL<3641>,INIT_VAL<3659>,INIT_VAL<3606>,INIT_VAL<3624>,INIT_VAL<3642>,INIT_VAL<3660>,INIT_VAL<3607>,INIT_VAL<3625>,INIT_VAL<3643>,INIT_VAL<3661>,INIT_VAL<3608>,INIT_VAL<3626>,INIT_VAL<3644>,INIT_VAL<3662>,INIT_VAL<3609>,INIT_VAL<3627>,INIT_VAL<3645>,INIT_VAL<3663>,INIT_VAL<3610>,INIT_VAL<3628>,INIT_VAL<3646>,INIT_VAL<3664>,INIT_VAL<3611>,INIT_VAL<3629>,INIT_VAL<3647>,INIT_VAL<3665>,INIT_VAL<3612>,INIT_VAL<3630>,INIT_VAL<3648>,INIT_VAL<3666>,INIT_VAL<3613>,INIT_VAL<3631>,INIT_VAL<3649>,INIT_VAL<3667>,INIT_VAL<3614>,INIT_VAL<3632>,INIT_VAL<3650>,INIT_VAL<3668>,INIT_VAL<3615>,INIT_VAL<3633>,INIT_VAL<3651>,INIT_VAL<3669>,INIT_VAL<3616>,INIT_VAL<3634>,INIT_VAL<3652>,INIT_VAL<3670>,INIT_VAL<3617>,INIT_VAL<3635>,INIT_VAL<3653>,INIT_VAL<3671>
W55,XXXX,CFG_RMUX13<8>,CFG_RMUX13<9>,CFG_RMUX13<5>,CFG_RMUX13<3>,CFG_RMUX13<1>,CFG_RMUX13<21>,CFG_RMUX13<23>,CFG_RMUX13<25>,CFG_RMUX13<29>,CFG_RMUX13<28>,CFG_RMUX13<48>,CFG_RMUX13<49>,CFG_RMUX13<45>,CFG_RMUX13<43>,CFG_RMUX13<41>,CFG_IMUX12<25>,CFG_IMUX12<27>,CFG_IMUX12<29>,CFG_IMUX12<31>,CFG_IMUX12<35>,CFG_IMUX12<34>,CFG_IMUX12<46>,CFG_IMUX12<47>,CFG_IMUX12<43>,CFG_IMUX12<41>,CFG_IMUX12<39>,CFG_IMUX12<37>,XXXX,XXXX,CFG_DWSEL_B0<2>,XXXX,XXXX,XXXX,XXXX,XXXX,INIT_VAL<3672>,INIT_VAL<3690>,INIT_VAL<3708>,INIT_VAL<3726>,INIT_VAL<3673>,INIT_VAL<3691>,INIT_VAL<3709>,INIT_VAL<3727>,INIT_VAL<3674>,INIT_VAL<3692>,INIT_VAL<3710>,INIT_VAL<3728>,INIT_VAL<3675>,INIT_VAL<3693>,INIT_VAL<3711>,INIT_VAL<3729>,INIT_VAL<3676>,INIT_VAL<3694>,INIT_VAL<3712>,INIT_VAL<3730>,INIT_VAL<3677>,INIT_VAL<3695>,INIT_VAL<3713>,INIT_VAL<3731>,INIT_VAL<3678>,INIT_VAL<3696>,INIT_VAL<3714>,INIT_VAL<3732>,INIT_VAL<3679>,INIT_VAL<3697>,INIT_VAL<3715>,INIT_VAL<3733>,INIT_VAL<3680>,INIT_VAL<3698>,INIT_VAL<3716>,INIT_VAL<3734>,INIT_VAL<3681>,INIT_VAL<3699>,INIT_VAL<3717>,INIT_VAL<3735>,INIT_VAL<3682>,INIT_VAL<3700>,INIT_VAL<3718>,INIT_VAL<3736>,INIT_VAL<3683>,INIT_VAL<3701>,INIT_VAL<3719>,INIT_VAL<3737>,INIT_VAL<3684>,INIT_VAL<3702>,INIT_VAL<3720>,INIT_VAL<3738>,INIT_VAL<3685>,INIT_VAL<3703>,INIT_VAL<3721>,INIT_VAL<3739>,INIT_VAL<3686>,INIT_VAL<3704>,INIT_VAL<3722>,INIT_VAL<3740>,INIT_VAL<3687>,INIT_VAL<3705>,INIT_VAL<3723>,INIT_VAL<3741>,INIT_VAL<3688>,INIT_VAL<3706>,INIT_VAL<3724>,INIT_VAL<3742>,INIT_VAL<3689>,INIT_VAL<3707>,INIT_VAL<3725>,INIT_VAL<3743>
W56,XXXX,CFG_RMUX14<57>,CFG_RMUX14<56>,CFG_RMUX14<54>,CFG_RMUX14<52>,CFG_RMUX14<50>,CFG_RMUX14<10>,CFG_RMUX14<12>,CFG_RMUX14<14>,CFG_RMUX14<16>,CFG_RMUX14<17>,CFG_RMUX14<37>,CFG_RMUX14<36>,CFG_RMUX14<34>,CFG_RMUX14<32>,CFG_RMUX14<30>,CFG_IMUX13<0>,CFG_IMUX13<2>,CFG_IMUX13<4>,CFG_IMUX13<6>,CFG_IMUX13<8>,CFG_IMUX13<9>,CFG_IMUX13<21>,CFG_IMUX13<20>,CFG_IMUX13<18>,CFG_IMUX13<16>,CFG_IMUX13<14>,CFG_IMUX13<12>,XXXX,XXXX,XXXX,XXXX,XXXX,XXXX,XXXX,XXXX,INIT_VAL<3744>,INIT_VAL<3762>,INIT_VAL<3780>,INIT_VAL<3798>,INIT_VAL<3745>,INIT_VAL<3763>,INIT_VAL<3781>,INIT_VAL<3799>,INIT_VAL<3746>,INIT_VAL<3764>,INIT_VAL<3782>,INIT_VAL<3800>,INIT_VAL<3747>,INIT_VAL<3765>,INIT_VAL<3783>,INIT_VAL<3801>,INIT_VAL<3748>,INIT_VAL<3766>,INIT_VAL<3784>,INIT_VAL<3802>,INIT_VAL<3749>,INIT_VAL<3767>,INIT_VAL<3785>,INIT_VAL<3803>,INIT_VAL<3750>,INIT_VAL<3768>,INIT_VAL<3786>,INIT_VAL<3804>,INIT_VAL<3751>,INIT_VAL<3769>,INIT_VAL<3787>,INIT_VAL<3805>,INIT_VAL<3752>,INIT_VAL<3770>,INIT_VAL<3788>,INIT_VAL<3806>,INIT_VAL<3753>,INIT_VAL<3771>,INIT_VAL<3789>,INIT_VAL<3807>,INIT_VAL<3754>,INIT_VAL<3772>,INIT_VAL<3790>,INIT_VAL<3808>,INIT_VAL<3755>,INIT_VAL<3773>,INIT_VAL<3791>,INIT_VAL<3809>,INIT_VAL<3756>,INIT_VAL<3774>,INIT_VAL<3792>,INIT_VAL<3810>,INIT_VAL<3757>,INIT_VAL<3775>,INIT_VAL<3793>,INIT_VAL<3811>,INIT_VAL<3758>,INIT_VAL<3776>,INIT_VAL<3794>,INIT_VAL<3812>,INIT_VAL<3759>,INIT_VAL<3777>,INIT_VAL<3795>,INIT_VAL<3813>,INIT_VAL<3760>,INIT_VAL<3778>,INIT_VAL<3796>,INIT_VAL<3814>,INIT_VAL<3761>,INIT_VAL<3779>,INIT_VAL<3797>,INIT_VAL<3815>
W57,XXXX,CFG_RMUX14<58>,CFG_RMUX14<59>,CFG_RMUX14<55>,CFG_RMUX14<53>,CFG_RMUX14<51>,CFG_RMUX14<11>,CFG_RMUX14<13>,CFG_RMUX14<15>,CFG_RMUX14<19>,CFG_RMUX14<18>,CFG_RMUX14<38>,CFG_RMUX14<39>,CFG_RMUX14<35>,CFG_RMUX14<33>,CFG_RMUX14<31>,CFG_IMUX13<1>,CFG_IMUX13<3>,CFG_IMUX13<5>,CFG_IMUX13<7>,CFG_IMUX13<11>,CFG_IMUX13<10>,CFG_IMUX13<22>,CFG_IMUX13<23>,CFG_IMUX13<19>,CFG_IMUX13<17>,CFG_IMUX13<15>,CFG_IMUX13<13>,XXXX,XXXX,XXXX,XXXX,XXXX,XXXX,XXXX,XXXX,INIT_VAL<3816>,INIT_VAL<3834>,INIT_VAL<3852>,INIT_VAL<3870>,INIT_VAL<3817>,INIT_VAL<3835>,INIT_VAL<3853>,INIT_VAL<3871>,INIT_VAL<3818>,INIT_VAL<3836>,INIT_VAL<3854>,INIT_VAL<3872>,INIT_VAL<3819>,INIT_VAL<3837>,INIT_VAL<3855>,INIT_VAL<3873>,INIT_VAL<3820>,INIT_VAL<3838>,INIT_VAL<3856>,INIT_VAL<3874>,INIT_VAL<3821>,INIT_VAL<3839>,INIT_VAL<3857>,INIT_VAL<3875>,INIT_VAL<3822>,INIT_VAL<3840>,INIT_VAL<3858>,INIT_VAL<3876>,INIT_VAL<3823>,INIT_VAL<3841>,INIT_VAL<3859>,INIT_VAL<3877>,INIT_VAL<3824>,INIT_VAL<3842>,INIT_VAL<3860>,INIT_VAL<3878>,INIT_VAL<3825>,INIT_VAL<3843>,INIT_VAL<3861>,INIT_VAL<3879>,INIT_VAL<3826>,INIT_VAL<3844>,INIT_VAL<3862>,INIT_VAL<3880>,INIT_VAL<3827>,INIT_VAL<3845>,INIT_VAL<3863>,INIT_VAL<3881>,INIT_VAL<3828>,INIT_VAL<3846>,INIT_VAL<3864>,INIT_VAL<3882>,INIT_VAL<3829>,INIT_VAL<3847>,INIT_VAL<3865>,INIT_VAL<3883>,INIT_VAL<3830>,INIT_VAL<3848>,INIT_VAL<3866>,INIT_VAL<3884>,INIT_VAL<3831>,INIT_VAL<3849>,INIT_VAL<3867>,INIT_VAL<3885>,INIT_VAL<3832>,INIT_VAL<3850>,INIT_VAL<3868>,INIT_VAL<3886>,INIT_VAL<3833>,INIT_VAL<3851>,INIT_VAL<3869>,INIT_VAL<3887>
W58,XXXX,CFG_RMUX15<57>,CFG_RMUX15<56>,CFG_RMUX15<54>,CFG_RMUX15<52>,CFG_RMUX15<50>,CFG_RMUX15<10>,CFG_RMUX15<12>,CFG_RMUX15<14>,CFG_RMUX15<16>,CFG_RMUX15<17>,CFG_RMUX15<37>,CFG_RMUX15<36>,CFG_RMUX15<34>,CFG_RMUX15<32>,CFG_RMUX15<30>,CFG_IMUX13<24>,CFG_IMUX13<26>,CFG_IMUX13<28>,CFG_IMUX13<30>,CFG_IMUX13<32>,CFG_IMUX13<33>,CFG_IMUX13<45>,CFG_IMUX13<44>,CFG_IMUX13<42>,CFG_IMUX13<40>,CFG_IMUX13<38>,CFG_IMUX13<36>,XXXX,XXXX,XXXX,XXXX,XXXX,XXXX,XXXX,XXXX,INIT_VAL<3888>,INIT_VAL<3906>,INIT_VAL<3924>,INIT_VAL<3942>,INIT_VAL<3889>,INIT_VAL<3907>,INIT_VAL<3925>,INIT_VAL<3943>,INIT_VAL<3890>,INIT_VAL<3908>,INIT_VAL<3926>,INIT_VAL<3944>,INIT_VAL<3891>,INIT_VAL<3909>,INIT_VAL<3927>,INIT_VAL<3945>,INIT_VAL<3892>,INIT_VAL<3910>,INIT_VAL<3928>,INIT_VAL<3946>,INIT_VAL<3893>,INIT_VAL<3911>,INIT_VAL<3929>,INIT_VAL<3947>,INIT_VAL<3894>,INIT_VAL<3912>,INIT_VAL<3930>,INIT_VAL<3948>,INIT_VAL<3895>,INIT_VAL<3913>,INIT_VAL<3931>,INIT_VAL<3949>,INIT_VAL<3896>,INIT_VAL<3914>,INIT_VAL<3932>,INIT_VAL<3950>,INIT_VAL<3897>,INIT_VAL<3915>,INIT_VAL<3933>,INIT_VAL<3951>,INIT_VAL<3898>,INIT_VAL<3916>,INIT_VAL<3934>,INIT_VAL<3952>,INIT_VAL<3899>,INIT_VAL<3917>,INIT_VAL<3935>,INIT_VAL<3953>,INIT_VAL<3900>,INIT_VAL<3918>,INIT_VAL<3936>,INIT_VAL<3954>,INIT_VAL<3901>,INIT_VAL<3919>,INIT_VAL<3937>,INIT_VAL<3955>,INIT_VAL<3902>,INIT_VAL<3920>,INIT_VAL<3938>,INIT_VAL<3956>,INIT_VAL<3903>,INIT_VAL<3921>,INIT_VAL<3939>,INIT_VAL<3957>,INIT_VAL<3904>,INIT_VAL<3922>,INIT_VAL<3940>,INIT_VAL<3958>,INIT_VAL<3905>,INIT_VAL<3923>,INIT_VAL<3941>,INIT_VAL<3959>
W59,XXXX,CFG_RMUX15<58>,CFG_RMUX15<59>,CFG_RMUX15<55>,CFG_RMUX15<53>,CFG_RMUX15<51>,CFG_RMUX15<11>,CFG_RMUX15<13>,CFG_RMUX15<15>,CFG_RMUX15<19>,CFG_RMUX15<18>,CFG_RMUX15<38>,CFG_RMUX15<39>,CFG_RMUX15<35>,CFG_RMUX15<33>,CFG_RMUX15<31>,CFG_IMUX13<25>,CFG_IMUX13<27>,CFG_IMUX13<29>,CFG_IMUX13<31>,CFG_IMUX13<35>,CFG_IMUX13<34>,CFG_IMUX13<46>,CFG_IMUX13<47>,CFG_IMUX13<43>,CFG_IMUX13<41>,CFG_IMUX13<39>,CFG_IMUX13<37>,XXXX,XXXX,XXXX,XXXX,XXXX,XXXX,XXXX,XXXX,INIT_VAL<3960>,INIT_VAL<3978>,INIT_VAL<3996>,INIT_VAL<4014>,INIT_VAL<3961>,INIT_VAL<3979>,INIT_VAL<3997>,INIT_VAL<4015>,INIT_VAL<3962>,INIT_VAL<3980>,INIT_VAL<3998>,INIT_VAL<4016>,INIT_VAL<3963>,INIT_VAL<3981>,INIT_VAL<3999>,INIT_VAL<4017>,INIT_VAL<3964>,INIT_VAL<3982>,INIT_VAL<4000>,INIT_VAL<4018>,INIT_VAL<3965>,INIT_VAL<3983>,INIT_VAL<4001>,INIT_VAL<4019>,INIT_VAL<3966>,INIT_VAL<3984>,INIT_VAL<4002>,INIT_VAL<4020>,INIT_VAL<3967>,INIT_VAL<3985>,INIT_VAL<4003>,INIT_VAL<4021>,INIT_VAL<3968>,INIT_VAL<3986>,INIT_VAL<4004>,INIT_VAL<4022>,INIT_VAL<3969>,INIT_VAL<3987>,INIT_VAL<4005>,INIT_VAL<4023>,INIT_VAL<3970>,INIT_VAL<3988>,INIT_VAL<4006>,INIT_VAL<4024>,INIT_VAL<3971>,INIT_VAL<3989>,INIT_VAL<4007>,INIT_VAL<4025>,INIT_VAL<3972>,INIT_VAL<3990>,INIT_VAL<4008>,INIT_VAL<4026>,INIT_VAL<3973>,INIT_VAL<3991>,INIT_VAL<4009>,INIT_VAL<4027>,INIT_VAL<3974>,INIT_VAL<3992>,INIT_VAL<4010>,INIT_VAL<4028>,INIT_VAL<3975>,INIT_VAL<3993>,INIT_VAL<4011>,INIT_VAL<4029>,INIT_VAL<3976>,INIT_VAL<3994>,INIT_VAL<4012>,INIT_VAL<4030>,INIT_VAL<3977>,INIT_VAL<3995>,INIT_VAL<4013>,INIT_VAL<4031>
W60,XXXX,CFG_RMUX12<17>,CFG_RMUX12<16>,CFG_RMUX12<14>,CFG_RMUX12<12>,CFG_RMUX12<10>,CFG_RMUX12<30>,CFG_RMUX12<32>,CFG_RMUX12<34>,CFG_RMUX12<36>,CFG_RMUX12<37>,CFG_RMUX12<57>,CFG_RMUX12<56>,CFG_RMUX12<54>,CFG_RMUX12<52>,CFG_RMUX12<50>,CFG_IMUX14<0>,CFG_IMUX14<2>,CFG_IMUX14<4>,CFG_IMUX14<6>,CFG_IMUX14<8>,CFG_IMUX14<9>,CFG_IMUX14<21>,CFG_IMUX14<20>,CFG_IMUX14<18>,CFG_IMUX14<16>,CFG_IMUX14<14>,CFG_IMUX14<12>,XXXX,XXXX,XXXX,XXXX,XXXX,XXXX,XXXX,XXXX,INIT_VAL<4032>,INIT_VAL<4050>,INIT_VAL<4068>,INIT_VAL<4086>,INIT_VAL<4033>,INIT_VAL<4051>,INIT_VAL<4069>,INIT_VAL<4087>,INIT_VAL<4034>,INIT_VAL<4052>,INIT_VAL<4070>,INIT_VAL<4088>,INIT_VAL<4035>,INIT_VAL<4053>,INIT_VAL<4071>,INIT_VAL<4089>,INIT_VAL<4036>,INIT_VAL<4054>,INIT_VAL<4072>,INIT_VAL<4090>,INIT_VAL<4037>,INIT_VAL<4055>,INIT_VAL<4073>,INIT_VAL<4091>,INIT_VAL<4038>,INIT_VAL<4056>,INIT_VAL<4074>,INIT_VAL<4092>,INIT_VAL<4039>,INIT_VAL<4057>,INIT_VAL<4075>,INIT_VAL<4093>,INIT_VAL<4040>,INIT_VAL<4058>,INIT_VAL<4076>,INIT_VAL<4094>,INIT_VAL<4041>,INIT_VAL<4059>,INIT_VAL<4077>,INIT_VAL<4095>,INIT_VAL<4042>,INIT_VAL<4060>,INIT_VAL<4078>,INIT_VAL<4096>,INIT_VAL<4043>,INIT_VAL<4061>,INIT_VAL<4079>,INIT_VAL<4097>,INIT_VAL<4044>,INIT_VAL<4062>,INIT_VAL<4080>,INIT_VAL<4098>,INIT_VAL<4045>,INIT_VAL<4063>,INIT_VAL<4081>,INIT_VAL<4099>,INIT_VAL<4046>,INIT_VAL<4064>,INIT_VAL<4082>,INIT_VAL<4100>,INIT_VAL<4047>,INIT_VAL<4065>,INIT_VAL<4083>,INIT_VAL<4101>,INIT_VAL<4048>,INIT_VAL<4066>,INIT_VAL<4084>,INIT_VAL<4102>,INIT_VAL<4049>,INIT_VAL<4067>,INIT_VAL<4085>,INIT_VAL<4103>
W61,XXXX,CFG_RMUX12<18>,CFG_RMUX12<19>,CFG_RMUX12<15>,CFG_RMUX12<13>,CFG_RMUX12<11>,CFG_RMUX12<31>,CFG_RMUX12<33>,CFG_RMUX12<35>,CFG_RMUX12<39>,CFG_RMUX12<38>,CFG_RMUX12<58>,CFG_RMUX12<59>,CFG_RMUX12<55>,CFG_RMUX12<53>,CFG_RMUX12<51>,CFG_IMUX14<1>,CFG_IMUX14<3>,CFG_IMUX14<5>,CFG_IMUX14<7>,CFG_IMUX14<11>,CFG_IMUX14<10>,CFG_IMUX14<22>,CFG_IMUX14<23>,CFG_IMUX14<19>,CFG_IMUX14<17>,CFG_IMUX14<15>,CFG_IMUX14<13>,XXXX,XXXX,XXXX,XXXX,XXXX,XXXX,XXXX,XXXX,INIT_VAL<4104>,INIT_VAL<4122>,INIT_VAL<4140>,INIT_VAL<4158>,INIT_VAL<4105>,INIT_VAL<4123>,INIT_VAL<4141>,INIT_VAL<4159>,INIT_VAL<4106>,INIT_VAL<4124>,INIT_VAL<4142>,INIT_VAL<4160>,INIT_VAL<4107>,INIT_VAL<4125>,INIT_VAL<4143>,INIT_VAL<4161>,INIT_VAL<4108>,INIT_VAL<4126>,INIT_VAL<4144>,INIT_VAL<4162>,INIT_VAL<4109>,INIT_VAL<4127>,INIT_VAL<4145>,INIT_VAL<4163>,INIT_VAL<4110>,INIT_VAL<4128>,INIT_VAL<4146>,INIT_VAL<4164>,INIT_VAL<4111>,INIT_VAL<4129>,INIT_VAL<4147>,INIT_VAL<4165>,INIT_VAL<4112>,INIT_VAL<4130>,INIT_VAL<4148>,INIT_VAL<4166>,INIT_VAL<4113>,INIT_VAL<4131>,INIT_VAL<4149>,INIT_VAL<4167>,INIT_VAL<4114>,INIT_VAL<4132>,INIT_VAL<4150>,INIT_VAL<4168>,INIT_VAL<4115>,INIT_VAL<4133>,INIT_VAL<4151>,INIT_VAL<4169>,INIT_VAL<4116>,INIT_VAL<4134>,INIT_VAL<4152>,INIT_VAL<4170>,INIT_VAL<4117>,INIT_VAL<4135>,INIT_VAL<4153>,INIT_VAL<4171>,INIT_VAL<4118>,INIT_VAL<4136>,INIT_VAL<4154>,INIT_VAL<4172>,INIT_VAL<4119>,INIT_VAL<4137>,INIT_VAL<4155>,INIT_VAL<4173>,INIT_VAL<4120>,INIT_VAL<4138>,INIT_VAL<4156>,INIT_VAL<4174>,INIT_VAL<4121>,INIT_VAL<4139>,INIT_VAL<4157>,INIT_VAL<4175>
W62,XXXX,CFG_RMUX13<17>,CFG_RMUX13<16>,CFG_RMUX13<14>,CFG_RMUX13<12>,CFG_RMUX13<10>,CFG_RMUX13<30>,CFG_RMUX13<32>,CFG_RMUX13<34>,CFG_RMUX13<36>,CFG_RMUX13<37>,CFG_RMUX13<57>,CFG_RMUX13<56>,CFG_RMUX13<54>,CFG_RMUX13<52>,CFG_RMUX13<50>,CFG_IMUX14<24>,CFG_IMUX14<26>,CFG_IMUX14<28>,CFG_IMUX14<30>,CFG_IMUX14<32>,CFG_IMUX14<33>,CFG_IMUX14<45>,CFG_IMUX14<44>,CFG_IMUX14<42>,CFG_IMUX14<40>,CFG_IMUX14<38>,CFG_IMUX14<36>,XXXX,XXXX,CFG_DWSEL_B0<3>,XXXX,XXXX,XXXX,XXXX,XXXX,INIT_VAL<4176>,INIT_VAL<4194>,INIT_VAL<4212>,INIT_VAL<4230>,INIT_VAL<4177>,INIT_VAL<4195>,INIT_VAL<4213>,INIT_VAL<4231>,INIT_VAL<4178>,INIT_VAL<4196>,INIT_VAL<4214>,INIT_VAL<4232>,INIT_VAL<4179>,INIT_VAL<4197>,INIT_VAL<4215>,INIT_VAL<4233>,INIT_VAL<4180>,INIT_VAL<4198>,INIT_VAL<4216>,INIT_VAL<4234>,INIT_VAL<4181>,INIT_VAL<4199>,INIT_VAL<4217>,INIT_VAL<4235>,INIT_VAL<4182>,INIT_VAL<4200>,INIT_VAL<4218>,INIT_VAL<4236>,INIT_VAL<4183>,INIT_VAL<4201>,INIT_VAL<4219>,INIT_VAL<4237>,INIT_VAL<4184>,INIT_VAL<4202>,INIT_VAL<4220>,INIT_VAL<4238>,INIT_VAL<4185>,INIT_VAL<4203>,INIT_VAL<4221>,INIT_VAL<4239>,INIT_VAL<4186>,INIT_VAL<4204>,INIT_VAL<4222>,INIT_VAL<4240>,INIT_VAL<4187>,INIT_VAL<4205>,INIT_VAL<4223>,INIT_VAL<4241>,INIT_VAL<4188>,INIT_VAL<4206>,INIT_VAL<4224>,INIT_VAL<4242>,INIT_VAL<4189>,INIT_VAL<4207>,INIT_VAL<4225>,INIT_VAL<4243>,INIT_VAL<4190>,INIT_VAL<4208>,INIT_VAL<4226>,INIT_VAL<4244>,INIT_VAL<4191>,INIT_VAL<4209>,INIT_VAL<4227>,INIT_VAL<4245>,INIT_VAL<4192>,INIT_VAL<4210>,INIT_VAL<4228>,INIT_VAL<4246>,INIT_VAL<4193>,INIT_VAL<4211>,INIT_VAL<4229>,INIT_VAL<4247>
W63,XXXX,CFG_RMUX13<18>,CFG_RMUX13<19>,CFG_RMUX13<15>,CFG_RMUX13<13>,CFG_RMUX13<11>,CFG_RMUX13<31>,CFG_RMUX13<33>,CFG_RMUX13<35>,CFG_RMUX13<39>,CFG_RMUX13<38>,CFG_RMUX13<58>,CFG_RMUX13<59>,CFG_RMUX13<55>,CFG_RMUX13<53>,CFG_RMUX13<51>,CFG_IMUX14<25>,CFG_IMUX14<27>,CFG_IMUX14<29>,CFG_IMUX14<31>,CFG_IMUX14<35>,CFG_IMUX14<34>,CFG_IMUX14<46>,CFG_IMUX14<47>,CFG_IMUX14<43>,CFG_IMUX14<41>,CFG_IMUX14<39>,CFG_IMUX14<37>,XXXX,XXXX,CFG_DWSEL_B0<1>,XXXX,XXXX,XXXX,XXXX,XXXX,INIT_VAL<4248>,INIT_VAL<4266>,INIT_VAL<4284>,INIT_VAL<4302>,INIT_VAL<4249>,INIT_VAL<4267>,INIT_VAL<4285>,INIT_VAL<4303>,INIT_VAL<4250>,INIT_VAL<4268>,INIT_VAL<4286>,INIT_VAL<4304>,INIT_VAL<4251>,INIT_VAL<4269>,INIT_VAL<4287>,INIT_VAL<4305>,INIT_VAL<4252>,INIT_VAL<4270>,INIT_VAL<4288>,INIT_VAL<4306>,INIT_VAL<4253>,INIT_VAL<4271>,INIT_VAL<4289>,INIT_VAL<4307>,INIT_VAL<4254>,INIT_VAL<4272>,INIT_VAL<4290>,INIT_VAL<4308>,INIT_VAL<4255>,INIT_VAL<4273>,INIT_VAL<4291>,INIT_VAL<4309>,INIT_VAL<4256>,INIT_VAL<4274>,INIT_VAL<4292>,INIT_VAL<4310>,INIT_VAL<4257>,INIT_VAL<4275>,INIT_VAL<4293>,INIT_VAL<4311>,INIT_VAL<4258>,INIT_VAL<4276>,INIT_VAL<4294>,INIT_VAL<4312>,INIT_VAL<4259>,INIT_VAL<4277>,INIT_VAL<4295>,INIT_VAL<4313>,INIT_VAL<4260>,INIT_VAL<4278>,INIT_VAL<4296>,INIT_VAL<4314>,INIT_VAL<4261>,INIT_VAL<4279>,INIT_VAL<4297>,INIT_VAL<4315>,INIT_VAL<4262>,INIT_VAL<4280>,INIT_VAL<4298>,INIT_VAL<4316>,INIT_VAL<4263>,INIT_VAL<4281>,INIT_VAL<4299>,INIT_VAL<4317>,INIT_VAL<4264>,INIT_VAL<4282>,INIT_VAL<4300>,INIT_VAL<4318>,INIT_VAL<4265>,INIT_VAL<4283>,INIT_VAL<4301>,INIT_VAL<4319>
W64,XXXX,CFG_RMUX14<47>,CFG_RMUX14<46>,CFG_RMUX14<44>,CFG_RMUX14<42>,CFG_RMUX14<40>,CFG_RMUX14<0>,CFG_RMUX14<2>,CFG_RMUX14<4>,CFG_RMUX14<6>,CFG_RMUX14<7>,CFG_RMUX14<27>,CFG_RMUX14<26>,CFG_RMUX14<24>,CFG_RMUX14<22>,CFG_RMUX14<20>,CFG_IMUX15<0>,CFG_IMUX15<2>,CFG_IMUX15<4>,CFG_IMUX15<6>,CFG_IMUX15<8>,CFG_IMUX15<9>,CFG_IMUX15<21>,CFG_IMUX15<20>,CFG_IMUX15<18>,CFG_IMUX15<16>,CFG_IMUX15<14>,CFG_IMUX15<12>,XXXX,XXXX,XXXX,XXXX,XXXX,XXXX,XXXX,XXXX,INIT_VAL<4320>,INIT_VAL<4338>,INIT_VAL<4356>,INIT_VAL<4374>,INIT_VAL<4321>,INIT_VAL<4339>,INIT_VAL<4357>,INIT_VAL<4375>,INIT_VAL<4322>,INIT_VAL<4340>,INIT_VAL<4358>,INIT_VAL<4376>,INIT_VAL<4323>,INIT_VAL<4341>,INIT_VAL<4359>,INIT_VAL<4377>,INIT_VAL<4324>,INIT_VAL<4342>,INIT_VAL<4360>,INIT_VAL<4378>,INIT_VAL<4325>,INIT_VAL<4343>,INIT_VAL<4361>,INIT_VAL<4379>,INIT_VAL<4326>,INIT_VAL<4344>,INIT_VAL<4362>,INIT_VAL<4380>,INIT_VAL<4327>,INIT_VAL<4345>,INIT_VAL<4363>,INIT_VAL<4381>,INIT_VAL<4328>,INIT_VAL<4346>,INIT_VAL<4364>,INIT_VAL<4382>,INIT_VAL<4329>,INIT_VAL<4347>,INIT_VAL<4365>,INIT_VAL<4383>,INIT_VAL<4330>,INIT_VAL<4348>,INIT_VAL<4366>,INIT_VAL<4384>,INIT_VAL<4331>,INIT_VAL<4349>,INIT_VAL<4367>,INIT_VAL<4385>,INIT_VAL<4332>,INIT_VAL<4350>,INIT_VAL<4368>,INIT_VAL<4386>,INIT_VAL<4333>,INIT_VAL<4351>,INIT_VAL<4369>,INIT_VAL<4387>,INIT_VAL<4334>,INIT_VAL<4352>,INIT_VAL<4370>,INIT_VAL<4388>,INIT_VAL<4335>,INIT_VAL<4353>,INIT_VAL<4371>,INIT_VAL<4389>,INIT_VAL<4336>,INIT_VAL<4354>,INIT_VAL<4372>,INIT_VAL<4390>,INIT_VAL<4337>,INIT_VAL<4355>,INIT_VAL<4373>,INIT_VAL<4391>
W65,XXXX,CFG_RMUX14<48>,CFG_RMUX14<49>,CFG_RMUX14<45>,CFG_RMUX14<43>,CFG_RMUX14<41>,CFG_RMUX14<1>,CFG_RMUX14<3>,CFG_RMUX14<5>,CFG_RMUX14<9>,CFG_RMUX14<8>,CFG_RMUX14<28>,CFG_RMUX14<29>,CFG_RMUX14<25>,CFG_RMUX14<23>,CFG_RMUX14<21>,CFG_IMUX15<1>,CFG_IMUX15<3>,CFG_IMUX15<5>,CFG_IMUX15<7>,CFG_IMUX15<11>,CFG_IMUX15<10>,CFG_IMUX15<22>,CFG_IMUX15<23>,CFG_IMUX15<19>,CFG_IMUX15<17>,CFG_IMUX15<15>,CFG_IMUX15<13>,XXXX,XXXX,XXXX,XXXX,XXXX,XXXX,XXXX,XXXX,INIT_VAL<4392>,INIT_VAL<4410>,INIT_VAL<4428>,INIT_VAL<4446>,INIT_VAL<4393>,INIT_VAL<4411>,INIT_VAL<4429>,INIT_VAL<4447>,INIT_VAL<4394>,INIT_VAL<4412>,INIT_VAL<4430>,INIT_VAL<4448>,INIT_VAL<4395>,INIT_VAL<4413>,INIT_VAL<4431>,INIT_VAL<4449>,INIT_VAL<4396>,INIT_VAL<4414>,INIT_VAL<4432>,INIT_VAL<4450>,INIT_VAL<4397>,INIT_VAL<4415>,INIT_VAL<4433>,INIT_VAL<4451>,INIT_VAL<4398>,INIT_VAL<4416>,INIT_VAL<4434>,INIT_VAL<4452>,INIT_VAL<4399>,INIT_VAL<4417>,INIT_VAL<4435>,INIT_VAL<4453>,INIT_VAL<4400>,INIT_VAL<4418>,INIT_VAL<4436>,INIT_VAL<4454>,INIT_VAL<4401>,INIT_VAL<4419>,INIT_VAL<4437>,INIT_VAL<4455>,INIT_VAL<4402>,INIT_VAL<4420>,INIT_VAL<4438>,INIT_VAL<4456>,INIT_VAL<4403>,INIT_VAL<4421>,INIT_VAL<4439>,INIT_VAL<4457>,INIT_VAL<4404>,INIT_VAL<4422>,INIT_VAL<4440>,INIT_VAL<4458>,INIT_VAL<4405>,INIT_VAL<4423>,INIT_VAL<4441>,INIT_VAL<4459>,INIT_VAL<4406>,INIT_VAL<4424>,INIT_VAL<4442>,INIT_VAL<4460>,INIT_VAL<4407>,INIT_VAL<4425>,INIT_VAL<4443>,INIT_VAL<4461>,INIT_VAL<4408>,INIT_VAL<4426>,INIT_VAL<4444>,INIT_VAL<4462>,INIT_VAL<4409>,INIT_VAL<4427>,INIT_VAL<4445>,INIT_VAL<4463>
W66,XXXX,CFG_RMUX15<47>,CFG_RMUX15<46>,CFG_RMUX15<44>,CFG_RMUX15<42>,CFG_RMUX15<40>,CFG_RMUX15<0>,CFG_RMUX15<2>,CFG_RMUX15<4>,CFG_RMUX15<6>,CFG_RMUX15<7>,CFG_RMUX15<27>,CFG_RMUX15<26>,CFG_RMUX15<24>,CFG_RMUX15<22>,CFG_RMUX15<20>,CFG_IMUX15<24>,CFG_IMUX15<26>,CFG_IMUX15<28>,CFG_IMUX15<30>,CFG_IMUX15<32>,CFG_IMUX15<33>,CFG_IMUX15<45>,CFG_IMUX15<44>,CFG_IMUX15<42>,CFG_IMUX15<40>,CFG_IMUX15<38>,CFG_IMUX15<36>,XXXX,XXXX,XXXX,XXXX,XXXX,XXXX,XXXX,XXXX,INIT_VAL<4464>,INIT_VAL<4482>,INIT_VAL<4500>,INIT_VAL<4518>,INIT_VAL<4465>,INIT_VAL<4483>,INIT_VAL<4501>,INIT_VAL<4519>,INIT_VAL<4466>,INIT_VAL<4484>,INIT_VAL<4502>,INIT_VAL<4520>,INIT_VAL<4467>,INIT_VAL<4485>,INIT_VAL<4503>,INIT_VAL<4521>,INIT_VAL<4468>,INIT_VAL<4486>,INIT_VAL<4504>,INIT_VAL<4522>,INIT_VAL<4469>,INIT_VAL<4487>,INIT_VAL<4505>,INIT_VAL<4523>,INIT_VAL<4470>,INIT_VAL<4488>,INIT_VAL<4506>,INIT_VAL<4524>,INIT_VAL<4471>,INIT_VAL<4489>,INIT_VAL<4507>,INIT_VAL<4525>,INIT_VAL<4472>,INIT_VAL<4490>,INIT_VAL<4508>,INIT_VAL<4526>,INIT_VAL<4473>,INIT_VAL<4491>,INIT_VAL<4509>,INIT_VAL<4527>,INIT_VAL<4474>,INIT_VAL<4492>,INIT_VAL<4510>,INIT_VAL<4528>,INIT_VAL<4475>,INIT_VAL<4493>,INIT_VAL<4511>,INIT_VAL<4529>,INIT_VAL<4476>,INIT_VAL<4494>,INIT_VAL<4512>,INIT_VAL<4530>,INIT_VAL<4477>,INIT_VAL<4495>,INIT_VAL<4513>,INIT_VAL<4531>,INIT_VAL<4478>,INIT_VAL<4496>,INIT_VAL<4514>,INIT_VAL<4532>,INIT_VAL<4479>,INIT_VAL<4497>,INIT_VAL<4515>,INIT_VAL<4533>,INIT_VAL<4480>,INIT_VAL<4498>,INIT_VAL<4516>,INIT_VAL<4534>,INIT_VAL<4481>,INIT_VAL<4499>,INIT_VAL<4517>,INIT_VAL<4535>
W67,XXXX,CFG_RMUX15<48>,CFG_RMUX15<49>,CFG_RMUX15<45>,CFG_RMUX15<43>,CFG_RMUX15<41>,CFG_RMUX15<1>,CFG_RMUX15<3>,CFG_RMUX15<5>,CFG_RMUX15<9>,CFG_RMUX15<8>,CFG_RMUX15<28>,CFG_RMUX15<29>,CFG_RMUX15<25>,CFG_RMUX15<23>,CFG_RMUX15<21>,CFG_IMUX15<25>,CFG_IMUX15<27>,CFG_IMUX15<29>,CFG_IMUX15<31>,CFG_IMUX15<35>,CFG_IMUX15<34>,CFG_IMUX15<46>,CFG_IMUX15<47>,CFG_IMUX15<43>,CFG_IMUX15<41>,CFG_IMUX15<39>,CFG_IMUX15<37>,XXXX,XXXX,CFG_SELOUT_B,XXXX,XXXX,XXXX,XXXX,XXXX,INIT_VAL<4536>,INIT_VAL<4554>,INIT_VAL<4572>,INIT_VAL<4590>,INIT_VAL<4537>,INIT_VAL<4555>,INIT_VAL<4573>,INIT_VAL<4591>,INIT_VAL<4538>,INIT_VAL<4556>,INIT_VAL<4574>,INIT_VAL<4592>,INIT_VAL<4539>,INIT_VAL<4557>,INIT_VAL<4575>,INIT_VAL<4593>,INIT_VAL<4540>,INIT_VAL<4558>,INIT_VAL<4576>,INIT_VAL<4594>,INIT_VAL<4541>,INIT_VAL<4559>,INIT_VAL<4577>,INIT_VAL<4595>,INIT_VAL<4542>,INIT_VAL<4560>,INIT_VAL<4578>,INIT_VAL<4596>,INIT_VAL<4543>,INIT_VAL<4561>,INIT_VAL<4579>,INIT_VAL<4597>,INIT_VAL<4544>,INIT_VAL<4562>,INIT_VAL<4580>,INIT_VAL<4598>,INIT_VAL<4545>,INIT_VAL<4563>,INIT_VAL<4581>,INIT_VAL<4599>,INIT_VAL<4546>,INIT_VAL<4564>,INIT_VAL<4582>,INIT_VAL<4600>,INIT_VAL<4547>,INIT_VAL<4565>,INIT_VAL<4583>,INIT_VAL<4601>,INIT_VAL<4548>,INIT_VAL<4566>,INIT_VAL<4584>,INIT_VAL<4602>,INIT_VAL<4549>,INIT_VAL<4567>,INIT_VAL<4585>,INIT_VAL<4603>,INIT_VAL<4550>,INIT_VAL<4568>,INIT_VAL<4586>,INIT_VAL<4604>,INIT_VAL<4551>,INIT_VAL<4569>,INIT_VAL<4587>,INIT_VAL<4605>,INIT_VAL<4552>,INIT_VAL<4570>,INIT_VAL<4588>,INIT_VAL<4606>,INIT_VAL<4553>,INIT_VAL<4571>,INIT_VAL<4589>,INIT_VAL<4607>

